vehicle_key,mkey,vehicle_num,make,model,model_family,aircraft_category,serial_number,registration_number,damage_level,fire_type,explosion_type,number_of_engines,engine_type,ga_flight,amateur_built,operator_name,far_part,flight_operation_type,silver_loaded_at
1,202248,1,DON A BAKER,BAKER-SKYBOLT,DON A BAKER BAKER-SKYBOLT,AIR,,N453DB,Substantial,None,None,1.0,,True,False,,091,PERS,2026-04-03 04:05:44.570293+00:00
2,202247,1,PITTS,S1S,PITTS S1S,AIR,,N401MS,Substantial,None,None,1.0,,True,True,,091,PERS,2026-04-03 04:05:44.570293+00:00
3,202249,1,NANCHANG CHINA,CJ-6A,NANCHANG CHINA CJ-6A,AIR,,N559TX,Substantial,None,None,1.0,,True,False,,091,PERS,2026-04-03 04:05:44.570293+00:00
4,202231,1,CESSNA,T188,CESSNA T188,AIR,,CC-DLH,Substantial,None,None,,,False,False,,000,AAPL,2026-04-03 04:05:44.570293+00:00
5,202228,1,LANCAIR,Legacy,LANCAIR LEGACY,AIR,,N618AM,Destroyed,On-Ground,Unknown,1.0,,True,True,,091,PERS,2026-04-03 04:05:44.570293+00:00
6,200820,1,CESSNA,180G,CESSNA 180G,AIR,,N4721U,Substantial,None,None,1.0,REC,True,False,,091,PERS,2026-04-03 04:05:44.570293+00:00
7,202233,1,ICON AIRCRAFT INC,A5,ICON AIRCRAFT INC A5,AIR,,N601BA,Substantial,None,None,1.0,,True,False,,091,INST,2026-04-03 04:05:44.570293+00:00
8,202225,1,CIRRUS DESIGN CORP,SR20,CIRRUS DESIGN CORP SR20,AIR,,N506SR,Substantial,None,None,1.0,,True,False,McKnight Aviation LLC,091,PERS,2026-04-03 04:05:44.570293+00:00
9,202264,1,ROBINSON,R44,ROBINSON R44,HELI,,PP-BAN,Substantial,Unknown,Unknown,,,False,False,,000,,2026-04-03 04:05:44.570293+00:00
10,202224,1,VARGA AIRCRAFT CORP.,2150A,VARGA AIRCRAFT CORP. 2150A,AIR,,N5062V,Substantial,None,None,1.0,,True,False,,091,PERS,2026-04-03 04:05:44.570293+00:00
11,202196,1,CESSNA,172P,CESSNA 172P,AIR,,N54576,Substantial,None,None,1.0,,True,False,RICK AVIATION INC,091,PERS,2026-04-03 04:05:44.570293+00:00
12,202213,1,ENSTROM,280,ENSTROM 280,HELI,,N280MG,Destroyed,On-Ground,None,1.0,,True,False,M&M CHARTER LLC,091,PERS,2026-04-03 04:05:44.570293+00:00
13,202213,2,ENSTROM,F28,ENSTROM F28,HELI,,N520H,Substantial,None,None,1.0,,True,False,,091,PERS,2026-04-03 04:05:44.570293+00:00
14,202217,1,BEECH,B90,BEECH B90,,,N40BA,,,,,,True,False,Lux Air,091,,2026-04-03 04:05:44.570293+00:00
15,202269,1,BOEING,737-800,BOEING 737-800,,,EI-HGO,,,,,,False,False,Ryanair,129,,2026-04-03 04:05:44.570293+00:00
16,202223,1,CESSNA,140,CESSNA 140,AIR,,N89884,Substantial,None,None,1.0,,True,False,VALIAIR LC TRUSTEE,091,PERS,2026-04-03 04:05:44.570293+00:00
17,202222,1,EVEKTOR - AEROTECHNIK A S,SPORTSTAR MAX,EVEKTOR - AEROTECHNIK A S SPORTSTAR,AIR,,N2312T,Substantial,None,None,1.0,,True,False,ATHENEAIR LLC,091,PERS,2026-04-03 04:05:44.570293+00:00
18,202216,1,KITFOX,CLASC IV-1200,KITFOX CLASC,AIR,,N239DA,Substantial,None,None,1.0,REC,True,True,,091,PERS,2026-04-03 04:05:44.570293+00:00
19,202227,1,CESSNA,170,CESSNA 170,AIR,,PT-AGB,Substantial,None,None,,,False,False,,000,,2026-04-03 04:05:44.570293+00:00
20,202265,1,WAG AERO,CUBY,WAG AERO CUBY,AIR,,N437WT,Substantial,None,None,1.0,,True,True,,091,PERS,2026-04-03 04:05:44.570293+00:00
21,202268,1,CESSNA,172,CESSNA 172,AIR,,N172BX,Substantial,None,None,1.0,,True,False,,091,PERS,2026-04-03 04:05:44.570293+00:00
22,202208,1,PIPER,PA-32-260,PIPER PA-32-260,AIR,,N2785Q,Substantial,None,None,1.0,,True,False,,091,PERS,2026-04-03 04:05:44.570293+00:00
23,202229,1,DASSAULT,FALCON50,DASSAULT FALCON50,AIR,,9H-DFS,Destroyed,Unknown,Unknown,,,False,False,,000,EXEC,2026-04-03 04:05:44.570293+00:00
24,202221,1,ZENITH,750,ZENITH 750,AIR,,N186BG,Substantial,None,None,1.0,,True,True,,091,PERS,2026-04-03 04:05:44.570293+00:00
25,202220,1,CIRRUS DESIGN CORP,SR22T,CIRRUS DESIGN CORP SR22T,AIR,,N272HM,Substantial,None,None,1.0,REC,True,False,,091,BUS,2026-04-03 04:05:44.570293+00:00
26,202261,1,ELA,ELA10,ELA ELA10,GYRO,,N396S,Substantial,None,None,1.0,REC,True,True,,091,UNK,2026-04-03 04:05:44.570293+00:00
27,202207,1,CESSNA,A188,CESSNA A188,AIR,,N,Substantial,None,None,,,True,False,,000,,2026-04-03 04:05:44.570293+00:00
28,202203,1,BEECH,K35,BEECH K35,AIR,,N9540R,Substantial,None,None,1.0,,True,False,,091,PERS,2026-04-03 04:05:44.570293+00:00
29,202202,1,CESSNA,172N,CESSNA 172N,AIR,,N1517E,Minor,None,None,1.0,,True,False,ACADEMY OF AVIATION,091,INST,2026-04-03 04:05:44.570293+00:00
30,202202,2,CESSNA,152,CESSNA 152,AIR,,N65199,Substantial,None,None,1.0,,True,False,LONG ISLAND AVIATORS LLC,091,INST,2026-04-03 04:05:44.570293+00:00
31,202194,1,BOEING,PT-13D,BOEING PT-13D,AIR,,N68830,Substantial,None,None,1.0,REC,True,False,,091,PERS,2026-04-03 04:05:44.570293+00:00
32,202201,1,BEECHCRAFT,B300,BEECHCRAFT B300,AIR,,ANX1209,Destroyed,None,None,2.0,,False,False,The country of Mexico,000,OWRK,2026-04-03 04:05:44.570293+00:00
33,202205,1,BOEING,787,BOEING 787,AIR,,JA865J,None,None,None,,,False,False,Japan Airlines,129,,2026-04-03 04:05:44.570293+00:00
34,202232,1,PIPER,PA-44-180,PIPER PA-44-180,AIR,,N156WM,Substantial,None,None,2.0,,True,False,FIXED WING HOLDING COMPANY INC,091,INST,2026-04-03 04:05:44.570293+00:00
35,202260,1,CESSNA,150,CESSNA 150,AIR,,N3103V,Substantial,None,None,1.0,,True,False,N3103V LLC,091,INST,2026-04-03 04:05:44.570293+00:00
36,202199,1,AVIAT AIRCRAFT INC,A-1C-200,AVIAT AIRCRAFT INC A-1C-200,AIR,,N656B,Substantial,None,None,1.0,,True,False,,091,PERS,2026-04-03 04:05:44.570293+00:00
37,202243,1,BOEING,737,BOEING 737,AIR,,TC-SOC,Minor,On-Ground,None,2.0,TF,False,False,Sun Express Airlines,000,,2026-04-03 04:05:44.570293+00:00
38,202191,1,CIRRUS DESIGN CORP,SR22,CIRRUS DESIGN CORP SR22,AIR,,N242AZ,Substantial,On-Ground,None,1.0,,True,False,,091,PERS,2026-04-03 04:05:44.570293+00:00
39,202226,1,BEECH,B200,BEECH B200,AIR,,PS-GAC,Substantial,On-Ground,None,2.0,,False,False,,000,PERS,2026-04-03 04:05:44.570293+00:00
40,202192,1,CESSNA,150F,CESSNA 150F,AIR,,N8155S,Substantial,None,None,1.0,,True,False,,091,PERS,2026-04-03 04:05:44.570293+00:00
41,202218,1,CESSNA,172D,CESSNA 172D,AIR,,N2536U,Substantial,None,None,1.0,REC,True,False,,091,PERS,2026-04-03 04:05:44.570293+00:00
42,202275,1,ALON,A-2A,ALON A-2A,AIR,,N818SW,Substantial,None,None,1.0,,True,False,,091,PERS,2026-04-03 04:05:44.570293+00:00
43,202219,1,GLYNN,RS-3,GLYNN RS-3,AIR,,N3012G,Destroyed,On-Ground,On-Ground,1.0,REC,True,True,,091,PERS,2026-04-03 04:05:44.570293+00:00
44,202186,1,BELL HELICOPTER TEXTRON CANADA,505,BELL HELICOPTER TEXTRON CANADA 505,HELI,,N505TZ,None,None,None,1.0,,True,False,BELL TEXTRON INC,091,INST,2026-04-03 04:05:44.570293+00:00
45,202334,1,BOEING,737,BOEING 737,AIR,,XA-VDM,Minor,None,None,,,False,False,Grupo Aereo Monterrey,129,,2026-04-03 04:05:44.570293+00:00
46,202240,1,CIRRUS DESIGN CORP,SR22T,CIRRUS DESIGN CORP SR22T,AIR,,N53KH,Substantial,None,None,1.0,,True,False,53KWD LLC,091,PERS,2026-04-03 04:05:44.570293+00:00
47,202158,1,PORTO,Risen SV,PORTO RISEN,AIR,,N817D,Substantial,None,None,1.0,REC,True,True,,091,FLTS,2026-04-03 04:05:44.570293+00:00
48,202182,1,CESSNA,550,CESSNA 550,AIR,,N257BW,Substantial,On-Ground,Unknown,2.0,,True,False,GB AVIATION LEASING LLC,091,PERS,2026-04-03 04:05:44.570293+00:00
49,202185,1,HOLTAWAY ROBERT F,VELOCITY V-TWIN,HOLTAWAY ROBERT F VELOCITY,AIR,,N22EU,Substantial,None,None,2.0,,True,True,TEAM FLYER LLC,091,PERS,2026-04-03 04:05:44.570293+00:00
50,202178,1,PIPER,PA-30,PIPER PA-30,AIR,,N8693Y,Substantial,None,None,2.0,,True,False,,091,PERS,2026-04-03 04:05:44.570293+00:00
51,202183,1,MOONEY,M20J,MOONEY M20J,AIR,,N87PM,Substantial,None,None,1.0,,True,False,,091,PERS,2026-04-03 04:05:44.570293+00:00
52,202215,1,LANCAIR,360,LANCAIR 360,AIR,,EC-XXD,Substantial,None,None,1.0,REC,False,False,,000,PERS,2026-04-03 04:05:44.570293+00:00
53,202210,1,CESSNA,172,CESSNA 172,AIR,,5N-ASR,Substantial,Unknown,None,,,False,False,,091,,2026-04-03 04:05:44.570293+00:00
54,202198,1,PIPER AIRCRAFT INC,PA-28-181,PIPER AIRCRAFT INC PA-28-181,AIR,,N472A,Substantial,None,None,1.0,,True,False,ARCHER AIRCRAFT LLC,091,INST,2026-04-03 04:05:44.570293+00:00
55,202193,1,MARK O TREIDEL,American Ranger AR-1,MARK O TREIDEL AMERICAN,GYRO,,N529MW,Substantial,None,None,1.0,REC,True,True,,091,PERS,2026-04-03 04:05:44.570293+00:00
56,202172,1,MOONEY,M20E,MOONEY M20E,AIR,,N9081V,Substantial,None,None,1.0,REC,True,False,,091,PERS,2026-04-03 04:05:44.570293+00:00
57,202257,1,LOCKHEED MARTIN,C-130H,LOCKHEED MARTIN C-130H,AIR,,N382CG,None,None,None,4.0,,False,False,CSC DELAWARE TRUST CO TRUSTEE,129,,2026-04-03 04:05:44.570293+00:00
58,202166,1,CESSNA,650,CESSNA 650,AIR,,XA-PRO,Destroyed,On-Ground,Unknown,2.0,,False,False,,000,,2026-04-03 04:05:44.570293+00:00
59,202173,1,BEECHCRAFT CORP,G36,BEECHCRAFT CORP G36,AIR,,N360FV,Substantial,None,None,1.0,,True,False,,091,PERS,2026-04-03 04:05:44.570293+00:00
60,202155,1,CESSNA,172,CESSNA 172,AIR,,EI-DDX,Substantial,None,None,1.0,REC,False,False,,000,,2026-04-03 04:05:44.570293+00:00
61,202177,1,BELL,407,BELL 407,HELI,,N404LL,Substantial,None,None,1.0,TS,False,False,Air Methods LLC,135,BUS,2026-04-03 04:05:44.570293+00:00
62,202162,1,WACO,RNF,WACO RNF,AIR,,N110Y,Substantial,None,None,1.0,REC,True,False,,091,PERS,2026-04-03 04:05:44.570293+00:00
63,202162,2,CIRRUS,SR20,CIRRUS SR20,AIR,,N506AV,Substantial,None,None,1.0,REC,True,False,WESTWIND SCHOOL OF AERONAUTICS PHOENIX LLC DBA,091,INST,2026-04-03 04:05:44.570293+00:00
64,202167,1,BELL TEXTRON CANADA LTD,505,BELL TEXTRON CANADA LTD 505,HELI,,N865S,Substantial,None,None,1.0,,True,False,B&H EQUIPMENT RENTAL LLC,091,PERS,2026-04-03 04:05:44.570293+00:00
65,202241,1,ROCKWELL INTERNATIONAL,114,ROCKWELL INTERNATIONAL 114,AIR,,N5879N,Substantial,None,None,1.0,REC,True,False,,091,PERS,2026-04-03 04:05:44.570293+00:00
66,202150,1,AMERICAN CHAMPION AIRCRAFT,8KCAB,AMERICAN CHAMPION AIRCRAFT 8KCAB,AIR,,N157WB,Substantial,None,None,1.0,,True,False,,091,PERS,2026-04-03 04:05:44.570293+00:00
67,202151,1,CESSNA,172N,CESSNA 172N,AIR,,RA-67438,Destroyed,None,None,,,False,False,,000,PERS,2026-04-03 04:05:44.570293+00:00
68,202164,1,BELL,206,BELL 206,HELI,,ZK-IWZ,Substantial,Unknown,Unknown,,,False,False,,137,,2026-04-03 04:05:44.570293+00:00
69,202156,1,CESSNA,172M,CESSNA 172M,AIR,,N20305,Substantial,None,None,1.0,,True,False,,091,INST,2026-04-03 04:05:44.570293+00:00
70,202154,1,SONERAI,II,SONERAI II,AIR,,N28MD,Substantial,None,None,1.0,,True,True,,091,PERS,2026-04-03 04:05:44.570293+00:00
71,202258,1,PIPISTREL D O O,PANTHERA X152,PIPISTREL D O O PANTHERA,AIR,,N37RR,Substantial,None,None,1.0,,True,False,,091,PERS,2026-04-03 04:05:44.570293+00:00
72,202342,1,CESSNA,414,CESSNA 414,AIR,,N1668T,Substantial,None,None,2.0,REC,True,False,,091,PERS,2026-04-03 04:05:44.570293+00:00
73,202153,1,PIPER,PA-28-160,PIPER PA-28-160,AIR,,N5005W,Unknown,None,None,1.0,REC,True,False,,000,PERS,2026-04-03 04:05:44.570293+00:00
74,202160,1,BOEING,727,BOEING 727,AIR,,HK5216,Minor,None,None,3.0,,False,False,Aerosucre,000,,2026-04-03 04:05:44.570293+00:00
75,202345,1,GULFSTREAM,G-VSP,GULFSTREAM G-VSP,AIR,,VH-PFL,Minor,None,None,,,False,False,,000,,2026-04-03 04:05:44.570293+00:00
76,202145,1,CESSNA,TU206,CESSNA TU206,AIR,,N917WC,Substantial,None,None,1.0,,True,False,BARR AIR PATROL LLC,091,AOBV,2026-04-03 04:05:44.570293+00:00
77,202557,1,ATR,ATR42,ATR ATR42,AIR,,JA14HC,None,None,None,2.0,,False,False,,000,,2026-04-03 04:05:44.570293+00:00
78,202152,1,PIPER,PA-28-181,PIPER PA-28-181,AIR,,N620AC,Substantial,None,None,1.0,,True,False,ARI BEN AVIATOR INC,091,PERS,2026-04-03 04:05:44.570293+00:00
79,202259,1,ROBIN,DR400,ROBIN DR400,AIR,,F-GLVG,Destroyed,None,None,,,False,False,,000,,2026-04-03 04:05:44.570293+00:00
80,202148,1,CESSNA,172,CESSNA 172,AIR,,CP-2959,Substantial,None,None,,,False,False,,000,,2026-04-03 04:05:44.570293+00:00
81,202570,1,CESSNA,208,CESSNA 208,AIR,,VH-KSA,Substantial,None,None,,,False,False,,135,,2026-04-03 04:05:44.570293+00:00
82,202385,1,CESSNA,172,CESSNA 172,,,VT-CAZ,,,,,,False,False,,000,,2026-04-03 04:05:44.570293+00:00
83,202138,1,PIPER,PA28,PIPER PA28,AIR,,N6058F,Substantial,None,None,1.0,REC,True,False,AMERIFLYERS OF TEXAS INC,091,INST,2026-04-03 04:05:44.570293+00:00
84,202143,1,MAULE,M-5-210C,MAULE M-5-210C,AIR,,N339X,Substantial,None,None,1.0,REC,True,False,,091,FERY,2026-04-03 04:05:44.570293+00:00
85,202132,1,BEECH,95-C55,BEECH 95-C55,AIR,,N95KC,Substantial,None,None,2.0,,True,False,,091,INST,2026-04-03 04:05:44.570293+00:00
86,202197,1,BOEING,737,BOEING 737,AIR,,G-JZHT,Substantial,None,None,,,False,False,Jet2 Airlines,129,,2026-04-03 04:05:44.570293+00:00
87,202129,1,CESSNA,172,CESSNA 172,AIR,,N64859,Substantial,None,None,1.0,,True,False,,091,INST,2026-04-03 04:05:44.570293+00:00
88,202171,1,BOEING,737,BOEING 737,,,9H-VUE,,,,,,False,False,Malta Air,000,,2026-04-03 04:05:44.570293+00:00
89,202144,1,ROTORWAY,EXEC,ROTORWAY EXEC,HELI,,C-GBZD,Substantial,None,None,1.0,REC,False,True,,091,PERS,2026-04-03 04:05:44.570293+00:00
90,202141,1,BOEING,737,BOEING 737,AIR,,YV3063,None,None,None,2.0,TF,False,False,,000,,2026-04-03 04:05:44.570293+00:00
91,202131,1,CIRRUS DESIGN CORP,SR22,CIRRUS DESIGN CORP SR22,AIR,,N19SK,Substantial,None,None,1.0,,True,False,EAGLE CAPITAL HOLDINGS LLC,091,PERS,2026-04-03 04:05:44.570293+00:00
92,202124,1,CESSNA,172M,CESSNA 172M,AIR,,N6542H,Substantial,None,None,1.0,,True,False,OWENS FLIGHT TRAINING LLC,091,PERS,2026-04-03 04:05:44.570293+00:00
93,202280,1,CESSNA,A188,CESSNA A188,AIR,,HI799,Substantial,None,None,,,False,False,,000,,2026-04-03 04:05:44.570293+00:00
94,202163,1,BOEING,727,BOEING 727,AIR,,HK5216,None,None,None,3.0,,False,False,Aerosucre,000,,2026-04-03 04:05:44.570293+00:00
95,202127,1,ZENITH STOL,CH701,ZENITH STOL CH701,AIR,,N701SA,Substantial,None,None,1.0,REC,True,True,,091,PERS,2026-04-03 04:05:44.570293+00:00
96,202125,1,PIPER,PA32RT,PIPER PA32RT,AIR,,YV1560,Substantial,None,None,,,False,False,,000,PERS,2026-04-03 04:05:44.570293+00:00
97,202111,1,HUGHES,369D,HUGHES 369D,HELI,,N161LA,Substantial,None,None,1.0,,True,False,,091,AOBV,2026-04-03 04:05:44.570293+00:00
98,202130,1,ROBINSON,R44,ROBINSON R44,,,LV-JKR,,,,,,False,False,,000,,2026-04-03 04:05:44.570293+00:00
99,202106,1,BAE,BAE146,BAE BAE146,,,CC-ARN,,,,,,False,False,Aerovias Dap,000,,2026-04-03 04:05:44.570293+00:00
100,202109,1,MOONEY AIRCRAFT CORP.,M20K,MOONEY AIRCRAFT CORP. M20K,AIR,,N57229,Substantial,None,None,1.0,,True,False,,091,PERS,2026-04-03 04:05:44.570293+00:00
101,202096,1,ROBINSON,R22,ROBINSON R22,,,VH-HFQ,,,,,,False,False,,000,,2026-04-03 04:05:44.570293+00:00
102,202113,1,BOEING,DC3C-S1C3G,BOEING DC3C-S1C3G,,,LV-VYL,,,,,,False,False,,000,INST,2026-04-03 04:05:44.570293+00:00
103,200918,1,SIKORSKY AIRCRAFT CORP,S-76,SIKORSKY AIRCRAFT CORP S-76,HELI,,N36RP,Substantial,None,None,2.0,,False,False,Paradigm Helicopters LLC,135,,2026-04-03 04:05:44.570293+00:00
104,200914,1,PIPER,PA-28-140,PIPER PA-28-140,AIR,,N5714F,Substantial,None,None,1.0,REC,True,False,Piston Aviation,091,INST,2026-04-03 04:05:44.570293+00:00
105,200839,1,CESSNA,A185F,CESSNA A185F,AIR,,N714HE,Substantial,None,None,1.0,,True,False,,091,FERY,2026-04-03 04:05:44.570293+00:00
106,200907,1,PIPER,PA-28R-200,PIPER PA-28R-200,AIR,,N1147X,Substantial,None,None,1.0,,True,False,,091,PERS,2026-04-03 04:05:44.570293+00:00
107,200961,1,CHAMPION,7GCBC,CHAMPION 7GCBC,AIR,,N5267X,Substantial,None,None,1.0,,True,False,,091,PERS,2026-04-03 04:05:44.570293+00:00
108,200923,1,AMERICAN CHAMPION AIRCRAFT,8KCAB,AMERICAN CHAMPION AIRCRAFT 8KCAB,AIR,,N15WJ,Substantial,None,None,1.0,,True,False,,091,PERS,2026-04-03 04:05:44.570293+00:00
109,200908,1,CESSNA,182,CESSNA 182,AIR,,N628FN,Substantial,None,None,1.0,REC,True,False,Steven Immerman,091,PERS,2026-04-03 04:05:44.570293+00:00
110,200906,1,CESSNA,172M,CESSNA 172M,AIR,,N61657,Destroyed,On-Ground,None,1.0,,True,False,BELL ORNITHOPTERS FLYING CLUB INC,091,PERS,2026-04-03 04:05:44.570293+00:00
111,200906,2,EXTRA FLUGZEUGPRODUKTIONS-UND,EA 300/LC,EXTRA FLUGZEUGPRODUKTIONS-UND EA,AIR,,N330AN,Destroyed,On-Ground,None,1.0,,True,False,,091,PERS,2026-04-03 04:05:44.570293+00:00
112,200826,1,MARSHALL ALLEN L,RV6A,MARSHALL ALLEN L RV6A,AIR,,N692AC,Substantial,None,None,1.0,,True,True,,091,PERS,2026-04-03 04:05:44.570293+00:00
113,200905,1,AIRBUS CANADA,BD500,AIRBUS CANADA BD500,AIR,,C-GYLQ,None,None,None,2.0,TF,False,False,Air Canada,129,,2026-04-03 04:05:44.570293+00:00
114,200922,1,NAVAL AIRCRAFT FACTORY,N3N-3,NAVAL AIRCRAFT FACTORY N3N-3,AIR,,N45254,Substantial,None,None,1.0,REC,True,False,,091,PERS,2026-04-03 04:05:44.570293+00:00
115,200928,1,ROBINSON HELICOPTER COMPANY,R44 II,ROBINSON HELICOPTER COMPANY R44,HELI,,N442PR,Substantial,None,None,1.0,REC,True,False,A&E AERIAL LLC,091,PERS,2026-04-03 04:05:44.570293+00:00
116,200940,1,CESSNA,150,CESSNA 150,AIR,,N22998,Minor,None,None,1.0,,True,False,BUSY BEES AIRWAYS CORP,091,PERS,2026-04-03 04:05:44.570293+00:00
117,200940,2,CESSNA,172,CESSNA 172,AIR,,N6185U,Substantial,None,None,1.0,,True,False,Academy of Aviation,091,INST,2026-04-03 04:05:44.570293+00:00
118,201755,1,CESSNA,182M,CESSNA 182M,AIR,,N71331,Substantial,None,None,1.0,,True,False,,091,PERS,2026-04-03 04:05:44.570293+00:00
119,200916,1,CESSNA,152,CESSNA 152,AIR,,N89585,Substantial,None,None,1.0,REC,True,False,VINLAND FLIGHT SCHOOL LLC,091,PERS,2026-04-03 04:05:44.570293+00:00
120,201052,1,EMBRAER,ERJ190,EMBRAER ERJ190,AIR,,EC-OEC,None,None,None,2.0,,False,False,Binter Canarias S.A.,000,,2026-04-03 04:05:44.570293+00:00
121,201052,2,BEECH,300,BEECH 300,AIR,,EC-KJQ,None,None,None,2.0,,False,False,SENASA,000,,2026-04-03 04:05:44.570293+00:00
122,200960,1,ROBINSON HELICOPTER COMPANY,R44 II,ROBINSON HELICOPTER COMPANY R44,HELI,,N74435,Substantial,None,None,1.0,,False,False,POLLUX AVIATION LTD,135,,2026-04-03 04:05:44.570293+00:00
123,200904,1,CESSNA,172,CESSNA 172,AIR,,N1607F,Substantial,None,None,1.0,REC,True,False,,091,PERS,2026-04-03 04:05:44.570293+00:00
124,200899,1,EMBRAER S A,ERJ 170-200 LL,EMBRAER S A ERJ,AIR,,N110SY,None,None,None,2.0,,False,False,SKYWEST AIRLINES INC,121,,2026-04-03 04:05:44.570293+00:00
125,200903,1,GLASAIR,GlaStar,GLASAIR GLASTAR,AIR,,N605MN,Substantial,In-Flight,None,1.0,REC,True,True,,091,PERS,2026-04-03 04:05:44.570293+00:00
126,200941,1,BOEING,737,BOEING 737,,,OK-TVW,,,,,,False,False,Smartwings,129,,2026-04-03 04:05:44.570293+00:00
127,200924,1,PIPER,PA-24-250,PIPER PA-24-250,AIR,,N7412P,Substantial,None,None,1.0,,True,False,ESPYESS AVIATION LLC,091,PERS,2026-04-03 04:05:44.570293+00:00
128,200898,1,AIRBUS INDUSTRIE,A320-212,AIRBUS INDUSTRIE A320-212,AIR,,N373NW,None,None,None,2.0,,False,False,DELTA AIR LINES INC,121,,2026-04-03 04:05:44.570293+00:00
129,200929,1,BOEING,787,BOEING 787,AIR,,B-20DI,Minor,None,None,,,False,False,Juneyao Air,000,,2026-04-03 04:05:44.570293+00:00
130,200897,1,CESSNA,172R,CESSNA 172R,AIR,,N5181A,Substantial,None,None,1.0,REC,True,False,SOUTHEASTERN OKLAHOMA STATE UNIVERSITY,091,INST,2026-04-03 04:05:44.570293+00:00
131,200803,1,CESSNA,140,CESSNA 140,AIR,,N89447,Unknown,None,None,1.0,,True,False,,091,PERS,2026-04-03 04:05:44.570293+00:00
132,201721,1,CESSNA,172,CESSNA 172,AIR,,5Y-GMM,Minor,None,None,,REC,False,False,,000,INST,2026-04-03 04:05:44.570293+00:00
133,200893,1,CESSNA,210D,CESSNA 210D,AIR,,N3806Y,Substantial,None,None,1.0,,True,False,,091,PERS,2026-04-03 04:05:44.570293+00:00
134,200900,1,CIRRUS DESIGN CORP,SR22,CIRRUS DESIGN CORP SR22,AIR,,N45JN,Substantial,None,None,1.0,REC,True,False,,091,PERS,2026-04-03 04:05:44.570293+00:00
135,200934,1,CESSNA,172H,CESSNA 172H,AIR,,N8078L,Substantial,None,None,1.0,,True,False,,091,PERS,2026-04-03 04:05:44.570293+00:00
136,200945,1,BOEING,787,BOEING 787,AIR,,VT-TSD,None,None,None,,,False,False,Air India,129,,2026-04-03 04:05:44.570293+00:00
137,200921,1,CESSNA,170A,CESSNA 170A,AIR,,N1755D,Substantial,None,None,1.0,REC,True,False,Boeing Employees Flying Association,091,INST,2026-04-03 04:05:44.570293+00:00
138,200687,1,AVIAT AIRCRAFT INC,A-1B,AVIAT AIRCRAFT INC A-1B,AIR,,N900HY,Substantial,None,None,1.0,REC,True,False,,091,PERS,2026-04-03 04:05:44.570293+00:00
139,201009,1,BELL HELICOPTER TEXTRON CANADA,505,BELL HELICOPTER TEXTRON CANADA 505,HELI,,N505GR,Substantial,None,None,1.0,TS,True,False,Bell Training Academy,091,INST,2026-04-03 04:05:44.570293+00:00
140,200880,1,CESSNA,340,CESSNA 340,AIR,,N888MT,Substantial,On-Ground,None,2.0,,True,False,,091,PERS,2026-04-03 04:05:44.570293+00:00
141,200917,1,CESSNA,172M,CESSNA 172M,AIR,,N92356,Substantial,None,None,1.0,REC,True,False,HUB CITY AVIATION ACADEMY LLC,091,PERS,2026-04-03 04:05:44.570293+00:00
142,200912,1,CIRRUS DESIGN CORP,SR20,CIRRUS DESIGN CORP SR20,AIR,,N88SP,Substantial,None,None,1.0,REC,True,False,Nassau Flyers,091,PERS,2026-04-03 04:05:44.570293+00:00
143,200875,1,CESSNA,172S,CESSNA 172S,AIR,,N5203H,Destroyed,None,None,1.0,,True,False,Trade Winds Aviation,091,PERS,2026-04-03 04:05:44.570293+00:00
144,200887,1,BEECH,C35,BEECH C35,AIR,,N655D,Substantial,None,None,1.0,REC,True,False,,091,POSI,2026-04-03 04:05:44.570293+00:00
145,201039,1,BOEING,737,BOEING 737,AIR,,EI-IJX,None,None,None,2.0,,False,False,Ryanair,000,,2026-04-03 04:05:44.570293+00:00
146,201039,2,BOEING,737,BOEING 737,AIR,,G-DRTF,None,None,None,,,False,False,Jet2,000,,2026-04-03 04:05:44.570293+00:00
147,200864,1,PIPER,PA-28-140,PIPER PA-28-140,AIR,,N1684J,Substantial,None,None,1.0,,True,False,JARRIEL INVESTMENTS INC,091,INST,2026-04-03 04:05:44.570293+00:00
148,200874,1,VANS AIRCRAFT INC,RV-12IS,VANS AIRCRAFT INC RV-12IS,AIR,,N18HS,Substantial,None,None,1.0,REC,True,True,KETTLE MORAINE YOUTH AVIATION INC,091,PERS,2026-04-03 04:05:44.570293+00:00
149,200885,1,BOEING,727,BOEING 727,AIR,,YV665T,None,In-Flight,None,,TJ,False,False,Solar Cargo,000,,2026-04-03 04:05:44.570293+00:00
150,200867,1,BELL TEXTRON CANADA LTD,407,BELL TEXTRON CANADA LTD 407,HELI,,N38AJ,Substantial,None,None,1.0,,False,False,Life Flight Network,135,PUBU,2026-04-03 04:05:44.570293+00:00
151,200849,1,CESSNA,TU206,CESSNA TU206,AIR,,HK1833,Destroyed,On-Ground,Unknown,1.0,,False,False,SERVICIOS AEROEOS ESPECIALES GLOBAL LIFE AMBULANCIAS S.A.S.,000,OWRK,2026-04-03 04:05:44.570293+00:00
152,201890,1,AYRES CORPORATION,S2R-T34,AYRES CORPORATION S2R-T34,AIR,,N393KW,Substantial,None,None,1.0,TP,True,False,HOPPE AIR LLC,137,AAPL,2026-04-03 04:05:44.570293+00:00
153,200865,1,CESSNA,170B,CESSNA 170B,AIR,,N4584C,Substantial,None,None,1.0,REC,True,False,,091,PERS,2026-04-03 04:05:44.570293+00:00
154,200863,1,CZECH AIRCRAFT GROUP SRO,SPORTCRUISER,CZECH AIRCRAFT GROUP SRO SPORTCRUISER,AIR,,N538SF,Substantial,None,None,1.0,,True,False,Spana Flight,091,FLTS,2026-04-03 04:05:44.570293+00:00
155,200976,1,CIRRUS DESIGN CORP,SR20,CIRRUS DESIGN CORP SR20,AIR,,N241MU,Substantial,None,None,1.0,REC,True,False,MARSHALL UNIVERSITY,091,INST,2026-04-03 04:05:44.570293+00:00
156,200848,1,RANS,S-12 Airaile,RANS S-12,AIR,,N2757A,Substantial,None,None,1.0,,True,False,,091,PERS,2026-04-03 04:05:44.570293+00:00
157,200853,1,CIRRUS DESIGN CORP,SR22,CIRRUS DESIGN CORP SR22,AIR,,N376CD,Substantial,None,None,1.0,REC,True,False,,091,PERS,2026-04-03 04:05:44.570293+00:00
158,200856,1,RAYTHEON AIRCRAFT COMPANY,A36,RAYTHEON AIRCRAFT COMPANY A36,AIR,,N855DC,Substantial,None,None,1.0,,True,False,,091,PERS,2026-04-03 04:05:44.570293+00:00
159,200876,1,CESSNA,120,CESSNA 120,AIR,,N3151N,Substantial,None,None,1.0,,True,False,JOHNSON RANDON E,091,PERS,2026-04-03 04:05:44.570293+00:00
160,200850,1,BURKHART GROB FLUGZEUGBAU,G102 CLUB ASTIR IIIB,BURKHART GROB FLUGZEUGBAU G102,GLI,,N424BG,Substantial,None,None,0.0,,True,False,ST LOUIS SOARING ASSOCIATION INC,091,PERS,2026-04-03 04:05:44.570293+00:00
161,200861,1,PIPER,PA-28-180,PIPER PA-28-180,AIR,,N7771N,Substantial,None,None,1.0,,True,False,,091,PERS,2026-04-03 04:05:44.570293+00:00
162,200841,1,KAMAN AEROSPACE CORP,K-1200,KAMAN AEROSPACE CORP K-1200,HELI,,N171PL,Substantial,None,None,1.0,TS,True,False,Columbia Basin Helicopter,133,FIRF,2026-04-03 04:05:44.570293+00:00
163,200847,1,CESSNA,310Q,CESSNA 310Q,AIR,,N7664Q,Destroyed,None,None,2.0,,True,False,,091,PERS,2026-04-03 04:05:44.570293+00:00
164,200879,1,CESSNA,170B,CESSNA 170B,AIR,,N170JL,Substantial,None,None,1.0,,True,False,,091,PERS,2026-04-03 04:05:44.570293+00:00
165,200873,1,CESSNA,A185F,CESSNA A185F,AIR,,N185GG,Substantial,None,None,1.0,REC,True,False,,091,PERS,2026-04-03 04:05:44.570293+00:00
166,200889,1,ROCKWELL,112,ROCKWELL 112,,,CP-2872,,,,,,False,False,,000,,2026-04-03 04:05:44.570293+00:00
167,200930,1,MCDONNELL DOUGLAS AIRCRAFT CO,MD 83,MCDONNELL DOUGLAS AIRCRAFT CO MD,AIR,,N805WA,None,None,None,2.0,,False,False,World Atlantic Airlines,121,,2026-04-03 04:05:44.570293+00:00
168,200845,1,CIRRUS DESIGN CORP,SR22T,CIRRUS DESIGN CORP SR22T,AIR,,N561RT,Substantial,None,None,1.0,REC,True,False,,091,PERS,2026-04-03 04:05:44.570293+00:00
169,200846,1,PIPER,PA-20,PIPER PA-20,AIR,,N7050K,Substantial,None,None,1.0,,True,False,,091,INST,2026-04-03 04:05:44.570293+00:00
170,200844,1,BELL,OH-58A,BELL OH-58A,HELI,,N707EE,Substantial,None,None,1.0,TS,True,False,,091,PERS,2026-04-03 04:05:44.570293+00:00
171,200854,1,CESSNA,170,CESSNA 170,AIR,,N2589V,Substantial,None,None,1.0,REC,True,False,,091,PERS,2026-04-03 04:05:44.570293+00:00
172,200843,1,PIPER,PA-25-235,PIPER PA-25-235,AIR,,N7239Z,Substantial,None,None,1.0,REC,True,False,Zachary Wolf,137,AAPL,2026-04-03 04:05:44.570293+00:00
173,200882,1,AIR FLY BALONISMO E INFLAVEIS,AF-SS-94,AIR FLY BALONISMO E INFLAVEIS AF-SS-94,BALL,,N591KY,Substantial,None,None,0.0,,True,False,,091,PERS,2026-04-03 04:05:44.570293+00:00
174,200894,1,CESSNA,172,CESSNA 172,AIR,,N2460A,Substantial,None,None,1.0,REC,True,False,AMERICAN AVIATION INC,091,INST,2026-04-03 04:05:44.570293+00:00
175,200840,1,EUROCOPTER,AS 350 B2,EUROCOPTER AS,HELI,,N149TH,Substantial,None,None,1.0,,True,False,TEMSCO HELICOPTERS INC,091,POSI,2026-04-03 04:05:44.570293+00:00
176,202581,1,BELL HELICOPTER TEXTRON CANADA,206L-3,BELL HELICOPTER TEXTRON CANADA 206L-3,HELI,,N17TL,Substantial,None,None,1.0,,True,False,925DT LLC,091,PERS,2026-04-03 04:05:44.570293+00:00
177,200837,1,PARKS,FOKKER D-VII REPLICA,PARKS FOKKER,AIR,,N18852,Substantial,None,None,1.0,REC,True,True,,091,POSI,2026-04-03 04:05:44.570293+00:00
178,200852,1,CESSNA,172,CESSNA 172,AIR,,N505LP,Substantial,None,None,1.0,REC,True,False,WIFA (WASHINGTON INTERNATIONAL FLIGHT ACADEMY) LLC,091,INST,2026-04-03 04:05:44.570293+00:00
179,200858,1,CESSNA,210,CESSNA 210,AIR,,N761SV,Substantial,None,None,1.0,REC,True,False,,091,PERS,2026-04-03 04:05:44.570293+00:00
180,200789,1,PIPER,PA-28-180,PIPER PA-28-180,AIR,,N2691T,Substantial,None,None,1.0,,True,False,,091,PERS,2026-04-03 04:05:44.570293+00:00
181,200835,1,CESSNA,172,CESSNA 172,AIR,,N1401E,Substantial,None,None,1.0,REC,True,False,,091,PERS,2026-04-03 04:05:44.570293+00:00
182,200859,1,PIPER,PA32R,PIPER PA32R,AIR,,N990DM,Substantial,None,None,1.0,REC,True,False,,091,PERS,2026-04-03 04:05:44.570293+00:00
183,200862,1,HELIO,H-395,HELIO H-395,AIR,,N44344,Substantial,None,None,1.0,,True,False,Daniel J Michels,091,BUS,2026-04-03 04:05:44.570293+00:00
184,200883,1,AIRBUS HELICOPTERS,AS350B3e,AIRBUS HELICOPTERS AS350B3E,HELI,,N589SH,Substantial,None,None,1.0,TS,True,False,Soloy Helicopters LLC,133,EXLD,2026-04-03 04:05:44.570293+00:00
185,200831,1,ELMWOOD,CHRISTAVIA,ELMWOOD CHRISTAVIA,AIR,,N383JA,Substantial,None,None,1.0,REC,True,True,,091,PERS,2026-04-03 04:05:44.570293+00:00
186,200797,1,BOEING,787,BOEING 787,AIR,,ZK-NZR,None,None,None,2.0,,False,False,,000,,2026-04-03 04:05:44.570293+00:00
187,200984,1,BEECH,95-B55 (T42A),BEECH 95-B55,AIR,,N8313N,Substantial,None,None,2.0,REC,True,False,ST PETE AVIATION SERVICES LLC,091,PERS,2026-04-03 04:05:44.570293+00:00
188,200860,1,PATRIOT AIRCRAFT LLC,CX1900A,PATRIOT AIRCRAFT LLC CX1900A,AIR,,N150SP,Substantial,None,None,1.0,REC,True,False,,091,BUS,2026-04-03 04:05:44.570293+00:00
189,200829,1,EXP,Supercub,EXP SUPERCUB,AIR,,N633JC,Substantial,None,None,1.0,REC,True,True,,091,FLTS,2026-04-03 04:05:44.570293+00:00
190,200833,1,VU HOLDINGS LLC/DBA VANILLA UN,VA 001,VU HOLDINGS LLC/DBA VANILLA UN VA,UNMANNED,,N246VU,Substantial,None,None,1.0,,False,False,VU HOLDINGS LLC,000,PUBF,2026-04-03 04:05:44.570293+00:00
191,200901,1,AIRBUS,A320,AIRBUS A320,AIR,,F-HBNJ,None,None,None,,,False,False,,000,,2026-04-03 04:05:44.570293+00:00
192,200884,1,CESSNA,182,CESSNA 182,AIR,,N691DM,Substantial,None,None,1.0,REC,True,False,,091,PERS,2026-04-03 04:05:44.570293+00:00
193,200822,1,BOEING,B75N1,BOEING B75N1,AIR,,N14GC,Substantial,None,None,1.0,REC,True,False,,091,PERS,2026-04-03 04:05:44.570293+00:00
194,200819,1,PIPER,PA-22-160,PIPER PA-22-160,AIR,,N9314D,Substantial,None,None,1.0,REC,True,False,,091,PERS,2026-04-03 04:05:44.570293+00:00
195,200820,1,CESSNA,180G,CESSNA 180G,AIR,,N4721U,Substantial,None,None,1.0,REC,True,False,,091,PERS,2026-04-03 04:05:44.570293+00:00
196,200808,1,LANCAIR,NLA-275-FR-C,LANCAIR NLA-275-FR-C,AIR,,N345LA,Destroyed,On-Ground,None,1.0,,True,True,FIVE LIME ALPHA LLC,091,PERS,2026-04-03 04:05:44.570293+00:00
197,201731,1,CESSNA,172M,CESSNA 172M,AIR,,N20490,Substantial,None,None,1.0,REC,True,False,,091,PERS,2026-04-03 04:05:44.570293+00:00
198,200790,1,BEECH,M35,BEECH M35,AIR,,N951T,Destroyed,On-Ground,None,1.0,,True,False,,091,PERS,2026-04-03 04:05:44.570293+00:00
199,200888,1,EMBRAER,EMB721,EMBRAER EMB721,AIR,,CP-2003,Substantial,None,None,,,False,False,,000,,2026-04-03 04:05:44.570293+00:00
200,200872,1,CESSNA,A185F,CESSNA A185F,AIR,,N9BB,Substantial,None,None,1.0,REC,True,False,,091,PERS,2026-04-03 04:05:44.570293+00:00
201,200828,1,JMB AIRCRAFT S R O,VL-3LSA-912,JMB AIRCRAFT S R O VL-3LSA-912,AIR,,N593TT,Substantial,None,None,1.0,REC,True,False,N593TT RENTAL LLC,091,PERS,2026-04-03 04:05:44.570293+00:00
202,200814,1,HELIO,H-391B,HELIO H-391B,AIR,,N4431U,Substantial,None,None,1.0,REC,True,False,,091,PERS,2026-04-03 04:05:44.570293+00:00
203,200866,1,SCODA AERONAUTICA LTDA,SUPER PETREL LS,SCODA AERONAUTICA LTDA SUPER,AIR,,N999XX,Substantial,None,None,1.0,REC,True,False,,091,PERS,2026-04-03 04:05:44.570293+00:00
204,200777,1,PASCHAL JR ROY E,VELOCITY XL RG,PASCHAL JR ROY E VELOCITY,AIR,,N7778M,Substantial,None,None,1.0,REC,True,True,,091,PERS,2026-04-03 04:05:44.570293+00:00
205,200891,1,DAVID ULLMAN,JABIRWATT,DAVID ULLMAN JABIRWATT,AIR,,N824DW,Substantial,None,None,1.0,,True,True,,091,PERS,2026-04-03 04:05:44.570293+00:00
206,200870,1,ROBINSON HELICOPTER COMPANY,R44 II,ROBINSON HELICOPTER COMPANY R44,HELI,,N877DR,Substantial,None,None,1.0,REC,True,False,,091,PERS,2026-04-03 04:05:44.570293+00:00
207,201791,1,THRUSH AIRCRAFT LLC,S2R-T660,THRUSH AIRCRAFT LLC S2R-T660,AIR,,N7001B,Substantial,None,None,1.0,,True,False,Thrush Aircraft LLC,091,FLTS,2026-04-03 04:05:44.570293+00:00
208,200832,1,PIPER,PA-18-150,PIPER PA-18-150,AIR,,N4387Z,Substantial,None,None,1.0,REC,True,False,STATE OF ALASKA,000,PUBS,2026-04-03 04:05:44.570293+00:00
209,200895,1,QUICKSILVER,MX II,QUICKSILVER MX,ULTR,,U-M22,Destroyed,Unknown,Unknown,,,False,False,Phuket Flying Club,000,INST,2026-04-03 04:05:44.570293+00:00
210,200825,1,CESSNA,172,CESSNA 172,AIR,,N6208C,Substantial,None,None,1.0,,True,False,,091,PERS,2026-04-03 04:05:44.570293+00:00
211,201860,1,CESSNA,172,CESSNA 172,AIR,,AP-BLO,Destroyed,None,None,,,False,False,,000,,2026-04-03 04:05:44.570293+00:00
212,200869,1,PIPER,PA-28-181,PIPER PA-28-181,AIR,,N8150J,Substantial,None,None,1.0,,True,False,,091,PERS,2026-04-03 04:05:44.570293+00:00
213,200802,1,CENTRAIR,101A,CENTRAIR 101A,GLI,,N99KG,Substantial,None,None,0.0,NONE,True,False,,091,PERS,2026-04-03 04:05:44.570293+00:00
214,201049,1,AEROSPOOL,WT9 DYNAMIC LSA,AEROSPOOL WT9,AIR,,HB-WZN,Substantial,None,None,,,False,False,,000,,2026-04-03 04:05:44.570293+00:00
215,200815,1,ROBINSON HELICOPTER COMPANY,R44 II,ROBINSON HELICOPTER COMPANY R44,HELI,,N24DF,Substantial,None,None,1.0,,True,False,CAPE COPTERS LLC,091,BUS,2026-04-03 04:05:44.570293+00:00
216,200913,1,AIRBUS,A320-214,AIRBUS A320-214,AIR,,N837VA,None,None,None,2.0,TF,False,False,Global Crossing Airlines,121,,2026-04-03 04:05:44.570293+00:00
217,200913,2,LEONARDO,AW139,LEONARDO AW139,HELI,,XA-KRY,None,None,None,,,False,False,Transportes Aereos Pegaso,000,,2026-04-03 04:05:44.570293+00:00
218,200811,1,GRUMMAN AMERICAN AVN. CORP.,G-164B,GRUMMAN AMERICAN AVN. CORP. G-164B,AIR,,N7015N,Substantial,None,None,1.0,,True,False,Christopher Larson,137,AAPL,2026-04-03 04:05:44.570293+00:00
219,200801,1,CESSNA,172,CESSNA 172,AIR,,N7205Q,Substantial,None,None,1.0,,True,False,N7205Q LLC,091,INST,2026-04-03 04:05:44.570293+00:00
220,200816,1,MD HELICOPTERS INC,600N,MD HELICOPTERS INC 600N,HELI,,N600MW,Substantial,None,None,1.0,TS,True,False,RN064 INC OWNER TRUSTEE,000,UNK,2026-04-03 04:05:44.570293+00:00
221,200793,1,PIPER,PA-12,PIPER PA-12,AIR,,N4014M,Substantial,None,None,1.0,,True,False,,091,PERS,2026-04-03 04:05:44.570293+00:00
222,200791,1,AIRBUS,A319,AIRBUS A319,AIR,,C-GSJB,None,None,None,2.0,,False,False,Air Canada Rouge LP,129,,2026-04-03 04:05:44.570293+00:00
223,200796,1,CESSNA,560XL,CESSNA 560XL,AIR,,N802TD,Substantial,None,None,2.0,,True,False,ALLIANCE AVIATION GROUP LLC,091,BUS,2026-04-03 04:05:44.570293+00:00
224,200810,1,PIPER,PA-18-150,PIPER PA-18-150,AIR,,N476SM,Substantial,None,None,1.0,,True,False,DRAKE AERIAL ENTERPRISES LLC,091,BANT,2026-04-03 04:05:44.570293+00:00
225,200817,1,BOEING,737,BOEING 737,AIR,,G-TUKR,None,None,None,,,False,False,TUI Airways,129,,2026-04-03 04:05:44.570293+00:00
226,200786,1,CESSNA,172L,CESSNA 172L,AIR,,N2860Q,Destroyed,None,None,1.0,,True,False,Pilot,091,PERS,2026-04-03 04:05:44.570293+00:00
227,200951,1,CESSNA,152,CESSNA 152,AIR,,N69200,Substantial,None,None,1.0,REC,True,False,,091,PERS,2026-04-03 04:05:44.570293+00:00
228,200806,1,BOEING,737,BOEING 737,AIR,,VH-IJU,None,None,None,,,False,False,,129,,2026-04-03 04:05:44.570293+00:00
229,200779,1,CESSNA,P210,CESSNA P210,AIR,,N92MS,Substantial,None,None,1.0,,True,False,CIL N92MS LLC,091,PERS,2026-04-03 04:05:44.570293+00:00
230,200813,1,CIRRUS DESIGN CORP,SR22,CIRRUS DESIGN CORP SR22,AIR,,N654CD,Substantial,None,None,1.0,REC,True,False,,091,INST,2026-04-03 04:05:44.570293+00:00
231,200809,1,MOONEY,M20M,MOONEY M20M,AIR,,N42FA,Substantial,None,None,1.0,REC,True,False,Private Individual,000,PERS,2026-04-03 04:05:44.570293+00:00
232,200827,1,VANS AIRCRAFT,RV14,VANS AIRCRAFT RV14,AIR,,N29JM,Substantial,None,None,1.0,REC,True,False,,091,PERS,2026-04-03 04:05:44.570293+00:00
233,200795,1,BOEING,737,BOEING 737,AIR,,9H-VVL,Minor,None,None,2.0,,False,False,,000,,2026-04-03 04:05:44.570293+00:00
234,200805,1,BOEING,747-8F,BOEING 747-8F,AIR,,N613UP,Minor,None,None,4.0,TF,False,False,UPS,121,,2026-04-03 04:05:44.570293+00:00
235,200959,1,CESSNA,560,CESSNA 560,AIR,,VH-OHE,None,None,None,,,False,False,,000,,2026-04-03 04:05:44.570293+00:00
236,200785,1,CESSNA,150,CESSNA 150,AIR,,N9400U,Substantial,None,None,1.0,,True,False,,091,PERS,2026-04-03 04:05:44.570293+00:00
237,200778,1,XAG,P100 PRO,XAG P100,HELI,,N467GE,Substantial,None,None,4.0,ELEC,True,False,,137,AAPL,2026-04-03 04:05:44.570293+00:00
238,200770,1,VANS,RV-7A,VANS RV-7A,AIR,,N30SG,Substantial,None,None,1.0,,True,True,,091,PERS,2026-04-03 04:05:44.570293+00:00
239,200890,1,CESSNA,TR182,CESSNA TR182,AIR,,N619MW,Substantial,None,None,1.0,,True,False,Mark Williams,091,PERS,2026-04-03 04:05:44.570293+00:00
240,200772,1,PITTS,S-1T,PITTS S-1T,AIR,,N51HC,Substantial,None,None,1.0,,True,True,,091,PERS,2026-04-03 04:05:44.570293+00:00
241,200763,1,NORTH AMERICAN,T-28B,NORTH AMERICAN T-28B,AIR,,N28XT,Substantial,None,None,1.0,,True,False,,091,PERS,2026-04-03 04:05:44.570293+00:00
242,200769,1,SOCATA,TBM 700,SOCATA TBM,AIR,,N860CA,Destroyed,On-Ground,None,1.0,TP,True,False,Decagon Services INC,091,BUS,2026-04-03 04:05:44.570293+00:00
243,200775,1,PIPER,PA-12,PIPER PA-12,AIR,,N2504M,Substantial,None,None,1.0,,True,False,AERIAL MESSAGES LEASING CO,091,BANT,2026-04-03 04:05:44.570293+00:00
244,200764,1,DE HAVILLAND,DHC-6-300,DE HAVILLAND DHC-6-300,AIR,,N344CS,Substantial,None,None,2.0,,False,False,Rampart Aviation,135,,2026-04-03 04:05:44.570293+00:00
245,200757,1,HILLER,UH-12E,HILLER UH-12E,HELI,,N703WA,Substantial,None,None,1.0,TS,True,False,ANTHONY GHIDOSSI CHEMICAL LLC,137,AAPL,2026-04-03 04:05:44.570293+00:00
246,200824,1,AIRBUS,A320,AIRBUS A320,AIR,,VH-VQL,None,None,None,,TF,False,False,Jetstar,129,,2026-04-03 04:05:44.570293+00:00
247,200748,1,AIR TRACTOR INC,AT-502B,AIR TRACTOR INC AT-502B,AIR,,N502WF,Substantial,None,None,1.0,TP,True,False,"Midwest Custom Ag Aviation, Inc",137,,2026-04-03 04:05:44.570293+00:00
248,200746,1,AIR TRACTOR INC,AT-502,AIR TRACTOR INC AT-502,AIR,,N9193V,Substantial,None,None,1.0,,True,False,Klein Flying Services,137,AAPL,2026-04-03 04:05:44.570293+00:00
249,200768,1,MAULE,MX-7-180A,MAULE MX-7-180A,AIR,,N1052T,Substantial,None,None,1.0,REC,True,False,,091,PERS,2026-04-03 04:05:44.570293+00:00
250,200758,1,AVIAT,A1,AVIAT A1,AIR,,N801RA,Substantial,None,None,1.0,REC,True,False,,091,PERS,2026-04-03 04:05:44.570293+00:00
251,200794,1,BOEING,747-47UF,BOEING 747-47UF,AIR,,N258SN,None,None,None,4.0,TF,False,False,,129,,2026-04-03 04:05:44.570293+00:00
252,200794,2,AIRBUS,A320,AIRBUS A320,AIR,,A6-EIV,None,None,None,2.0,,False,False,,000,,2026-04-03 04:05:44.570293+00:00
253,200760,1,DE HAVILLAND,DHC-6-300,DE HAVILLAND DHC-6-300,AIR,,N189GC,Substantial,None,None,2.0,,False,False,GRAND CANYON AIRLINES INC,135,,2026-04-03 04:05:44.570293+00:00
254,200781,1,BEECH,S35,BEECH S35,AIR,,N861T,Substantial,None,None,1.0,REC,True,False,,091,PERS,2026-04-03 04:05:44.570293+00:00
255,200745,1,TAYLORCRAFT,BC12,TAYLORCRAFT BC12,AIR,,N95356,Substantial,None,None,1.0,REC,True,False,,091,PERS,2026-04-03 04:05:44.570293+00:00
256,200744,1,DEHAVILLAND,DHC-2 MK 1,DEHAVILLAND DHC-2,AIR,,N232KT,Substantial,None,None,1.0,REC,False,False,"Rust's Flying Service, Inc",135,BUS,2026-04-03 04:05:44.570293+00:00
257,200752,1,PIPER,PA-28-151,PIPER PA-28-151,AIR,,N1080H,Substantial,None,None,1.0,,True,False,,091,INST,2026-04-03 04:05:44.570293+00:00
258,200762,1,AMERICAN EUROCOPTER LLC,AS350B3,AMERICAN EUROCOPTER LLC AS350B3,HELI,,N279AM,Minor,None,None,1.0,,False,False,AIR METHODS LLC,135,,2026-04-03 04:05:44.570293+00:00
259,200834,1,BEECH,A36,BEECH A36,AIR,,N60357,Substantial,None,None,1.0,,True,False,CENTRAL FLYING SERVICE LLC,091,EXEC,2026-04-03 04:05:44.570293+00:00
260,200767,1,CESSNA,195,CESSNA 195,AIR,,N1950C,Substantial,None,None,1.0,,True,False,,091,PERS,2026-04-03 04:05:44.570293+00:00
261,200756,1,DENNEY,KITFOX,DENNEY KITFOX,AIR,,N300KF,Substantial,None,None,,,True,True,,091,PERS,2026-04-03 04:05:44.570293+00:00
262,200804,1,CESSNA,140,CESSNA 140,AIR,,N89351,Substantial,None,None,1.0,,True,False,,091,PERS,2026-04-03 04:05:44.570293+00:00
263,200741,1,CESSNA,172N,CESSNA 172N,AIR,,N734SW,Substantial,None,None,1.0,REC,True,False,Red Eagle Aviation,091,INST,2026-04-03 04:05:44.570293+00:00
264,200750,1,RAYTHEON AIRCRAFT COMPANY,B36TC,RAYTHEON AIRCRAFT COMPANY B36TC,AIR,,N5073C,Substantial,None,None,1.0,REC,True,False,SOUTHERN AIRCRAFT CONSULTANCY INC TRUSTEE,000,,2026-04-03 04:05:44.570293+00:00
265,200832,1,PIPER,PA-18-150,PIPER PA-18-150,AIR,,N4387Z,Substantial,None,None,1.0,REC,True,False,STATE OF ALASKA,000,PUBS,2026-04-03 04:05:44.570293+00:00
266,200754,1,NORTH AMERICAN,T-28C,NORTH AMERICAN T-28C,AIR,,N9748Y,Substantial,None,None,1.0,,True,False,,091,PERS,2026-04-03 04:05:44.570293+00:00
267,200749,1,PIPER,PA-28-181,PIPER PA-28-181,AIR,,N686JA,Substantial,None,None,1.0,REC,True,False,,091,PERS,2026-04-03 04:05:44.570293+00:00
268,200755,1,CESSNA,210,CESSNA 210,AIR,,CP-3139,Substantial,None,None,,,False,False,,000,PERS,2026-04-03 04:05:44.570293+00:00
269,200732,1,HUGHES,369D,HUGHES 369D,HELI,,N173AL,Destroyed,On-Ground,None,1.0,,True,False,,133,OWRK,2026-04-03 04:05:44.570293+00:00
270,200733,1,CESSNA,T182T,CESSNA T182T,AIR,,N35370,Substantial,None,None,1.0,,True,False,,091,PERS,2026-04-03 04:05:44.570293+00:00
271,200736,1,CIRRUS DESIGN CORP,SR22,CIRRUS DESIGN CORP SR22,AIR,,N412DJ,Substantial,None,None,1.0,,True,False,,091,INST,2026-04-03 04:05:44.570293+00:00
272,200739,1,CESSNA,560,CESSNA 560,AIR,,5Y-FDN,Substantial,In-Flight,Unknown,,,False,False,African Medical and Research Foundation (AMREF) Flying Doctors,000,,2026-04-03 04:05:44.570293+00:00
273,200731,1,AIR TRACTOR INC,AT-301,AIR TRACTOR INC AT-301,AIR,,N23069,Substantial,None,None,1.0,,True,False,AG SPRAY INC,137,AAPL,2026-04-03 04:05:44.570293+00:00
274,200761,1,LANCAIR,ES,LANCAIR ES,AIR,,CA-AD05,Substantial,None,None,,,False,False,,000,,2026-04-03 04:05:44.570293+00:00
275,200735,1,VANS,RV4,VANS RV4,AIR,,N595BS,Substantial,None,None,1.0,,True,True,,091,PERS,2026-04-03 04:05:44.570293+00:00
276,200726,1,STOLP STARDUSTER,SA300,STOLP STARDUSTER SA300,AIR,,N983AM,Substantial,None,None,1.0,,True,True,,091,PERS,2026-04-03 04:05:44.570293+00:00
277,200737,1,SCHWEIZER,SGS 2-33A,SCHWEIZER SGS,GLI,,N65818,Substantial,None,None,0.0,,True,False,,091,INST,2026-04-03 04:05:44.570293+00:00
278,200724,1,AYRES CORPORATION,S2R-G6,AYRES CORPORATION S2R-G6,AIR,,N2239V,Substantial,None,None,1.0,,True,False,NORTH STAR AVIATION INC,137,,2026-04-03 04:05:44.570293+00:00
279,200730,1,BEECH,B200,BEECH B200,AIR,,G-NIAA,Unknown,None,None,2.0,,False,False,,000,,2026-04-03 04:05:44.570293+00:00
280,200728,1,BEECH,35-C33,BEECH 35-C33,AIR,,N500HT,Substantial,None,None,1.0,REC,True,False,,091,PERS,2026-04-03 04:05:44.570293+00:00
281,200721,1,BEECH,A36,BEECH A36,AIR,,N4970M,Unknown,None,None,1.0,,True,False,,000,,2026-04-03 04:05:44.570293+00:00
282,200722,1,AERONCA,7AC,AERONCA 7AC,AIR,,N84726,Substantial,None,None,1.0,,True,False,,091,PERS,2026-04-03 04:05:44.570293+00:00
283,200716,1,BEECH,300,BEECH 300,AIR,,N534AW,Destroyed,On-Ground,None,2.0,,False,False,CSI AVIATION INC,135,POSI,2026-04-03 04:05:44.570293+00:00
284,200719,1,GARY W LEWINSKI,SONEX,GARY W LEWINSKI SONEX,AIR,,N67BG,Substantial,On-Ground,None,1.0,,True,True,,091,PERS,2026-04-03 04:05:44.570293+00:00
285,200710,1,CESSNA,172N,CESSNA 172N,AIR,,N1213F,Substantial,None,None,1.0,,True,False,FLIGHT ANSWERS LLC,091,INST,2026-04-03 04:05:44.570293+00:00
286,200712,1,ROBINSON HELICOPTER COMPANY,R44 II,ROBINSON HELICOPTER COMPANY R44,HELI,,N750GT,Substantial,None,None,1.0,REC,True,False,Anna Kopp,091,PERS,2026-04-03 04:05:44.570293+00:00
287,200729,1,AIRBUS,A321,AIRBUS A321,AIR,,EC-OOJ,Unknown,None,None,2.0,TF,False,False,Iberia,000,,2026-04-03 04:05:44.570293+00:00
288,200693,1,ROBINSON HELICOPTER,R22 BETA,ROBINSON HELICOPTER R22,HELI,,N4684S,Substantial,None,None,1.0,REC,True,False,,091,INST,2026-04-03 04:05:44.570293+00:00
289,200696,1,AIR TRACTOR INC,AT-400A,AIR TRACTOR INC AT-400A,AIR,,N3157B,Substantial,None,None,1.0,TP,True,False,Black Dog Aviation,091,AAPL,2026-04-03 04:05:44.570293+00:00
290,200704,1,PIPER,PA-28-180,PIPER PA-28-180,AIR,,N8359W,Substantial,None,None,1.0,,True,False,,091,INST,2026-04-03 04:05:44.570293+00:00
291,200689,1,LIONAL RAY WARD,WARD F-4 ROCKET,LIONAL RAY WARD WARD,AIR,,N31VX,Substantial,None,None,1.0,,True,False,,000,PERS,2026-04-03 04:05:44.570293+00:00
292,200715,1,JABIRU AIRCRAFT PTY LTD,J230-D,JABIRU AIRCRAFT PTY LTD J230-D,AIR,,N784J,Substantial,None,None,1.0,,True,False,,091,PERS,2026-04-03 04:05:44.570293+00:00
293,200694,1,CESSNA,188,CESSNA 188,AIR,,HK1635,Substantial,None,None,,,False,False,AGRICOLA DE SERVICIOS AEREOS DEL META ASAM S.A.S,000,,2026-04-03 04:05:44.570293+00:00
294,200711,1,CESSNA,A185E,CESSNA A185E,AIR,,N2252T,Substantial,None,None,1.0,REC,True,False,,091,PERS,2026-04-03 04:05:44.570293+00:00
295,200687,1,AVIAT AIRCRAFT INC,A-1B,AVIAT AIRCRAFT INC A-1B,AIR,,N900HY,Substantial,None,None,1.0,REC,True,False,,091,PERS,2026-04-03 04:05:44.570293+00:00
296,200743,1,BOEING,737,BOEING 737,AIR,,ZS-ZWO,None,None,None,2.0,TF,False,False,Safair Operations Pty Ltd,000,,2026-04-03 04:05:44.570293+00:00
297,200684,1,CESSNA,152,CESSNA 152,AIR,,N6125B,Destroyed,None,None,1.0,,True,False,BV ROAD AND SITE LLC,091,UNK,2026-04-03 04:05:44.570293+00:00
298,200686,1,CESSNA,U206F,CESSNA U206F,AIR,,N206GR,Substantial,None,None,1.0,REC,True,False,,091,OWRK,2026-04-03 04:05:44.570293+00:00
299,200680,1,PIPER,J5C,PIPER J5C,AIR,,N28151,Substantial,None,None,1.0,,True,False,,091,PERS,2026-04-03 04:05:44.570293+00:00
300,200698,1,CESSNA,TU206,CESSNA TU206,AIR,,N9493Z,Substantial,None,None,1.0,REC,True,False,,091,PERS,2026-04-03 04:05:44.570293+00:00
301,200751,1,BELL,206,BELL 206,HELI,,C-GGAS,Substantial,None,None,,,False,False,,000,,2026-04-03 04:05:44.570293+00:00
302,200685,1,CESSNA,208B,CESSNA 208B,AIR,,N645AT,Substantial,None,None,1.0,TP,False,False,J & M Alaska Air Tours,135,,2026-04-03 04:05:44.570293+00:00
303,200683,1,SCHLEICHER,ASW27-18,SCHLEICHER ASW27-18,GLI,,N929JK,Destroyed,On-Ground,Unknown,0.0,,True,False,,091,PERS,2026-04-03 04:05:44.570293+00:00
304,200774,1,CESSNA,TR182,CESSNA TR182,AIR,,HK2434G,Substantial,Unknown,Unknown,1.0,REC,False,False,,000,,2026-04-03 04:05:44.570293+00:00
305,200951,1,CESSNA,152,CESSNA 152,AIR,,N69200,Substantial,None,None,1.0,REC,True,False,,091,PERS,2026-04-03 04:05:44.570293+00:00
306,200691,1,CESSNA,172P,CESSNA 172P,AIR,,N62296,Substantial,None,None,1.0,,True,False,In The Pattern,091,INST,2026-04-03 04:05:44.570293+00:00
307,200918,1,SIKORSKY AIRCRAFT CORP,S-76,SIKORSKY AIRCRAFT CORP S-76,HELI,,N36RP,Substantial,None,None,2.0,,False,False,Paradigm Helicopters LLC,135,,2026-04-03 04:05:44.570293+00:00
308,200914,1,PIPER,PA-28-140,PIPER PA-28-140,AIR,,N5714F,Substantial,None,None,1.0,REC,True,False,Piston Aviation,091,INST,2026-04-03 04:05:44.570293+00:00
309,200907,1,PIPER,PA-28R-200,PIPER PA-28R-200,AIR,,N1147X,Substantial,None,None,1.0,,True,False,,091,PERS,2026-04-03 04:05:44.570293+00:00
310,200928,1,ROBINSON HELICOPTER COMPANY,R44 II,ROBINSON HELICOPTER COMPANY R44,HELI,,N442PR,Substantial,None,None,1.0,REC,True,False,A&E AERIAL LLC,091,PERS,2026-04-03 04:05:44.570293+00:00
311,200961,1,CHAMPION,7GCBC,CHAMPION 7GCBC,AIR,,N5267X,Substantial,None,None,1.0,,True,False,,091,PERS,2026-04-03 04:05:44.570293+00:00
312,200923,1,AMERICAN CHAMPION AIRCRAFT,8KCAB,AMERICAN CHAMPION AIRCRAFT 8KCAB,AIR,,N15WJ,Substantial,None,None,1.0,,True,False,,091,PERS,2026-04-03 04:05:44.570293+00:00
313,200908,1,CESSNA,182,CESSNA 182,AIR,,N628FN,Substantial,None,None,1.0,REC,True,False,Steven Immerman,091,PERS,2026-04-03 04:05:44.570293+00:00
314,200906,1,CESSNA,172M,CESSNA 172M,AIR,,N61657,Destroyed,On-Ground,None,1.0,,True,False,BELL ORNITHOPTERS FLYING CLUB INC,091,PERS,2026-04-03 04:05:44.570293+00:00
315,200906,2,EXTRA FLUGZEUGPRODUKTIONS-UND,EA 300/LC,EXTRA FLUGZEUGPRODUKTIONS-UND EA,AIR,,N330AN,Destroyed,On-Ground,None,1.0,,True,False,,091,PERS,2026-04-03 04:05:44.570293+00:00
316,200905,1,AIRBUS CANADA,BD500,AIRBUS CANADA BD500,AIR,,C-GYLQ,None,None,None,2.0,TF,False,False,Air Canada,129,,2026-04-03 04:05:44.570293+00:00
317,200922,1,NAVAL AIRCRAFT FACTORY,N3N-3,NAVAL AIRCRAFT FACTORY N3N-3,AIR,,N45254,Substantial,None,None,1.0,REC,True,False,,091,PERS,2026-04-03 04:05:44.570293+00:00
318,200940,1,CESSNA,150,CESSNA 150,AIR,,N22998,Minor,None,None,1.0,,True,False,BUSY BEES AIRWAYS CORP,091,PERS,2026-04-03 04:05:44.570293+00:00
319,200940,2,CESSNA,172,CESSNA 172,AIR,,N6185U,Substantial,None,None,1.0,,True,False,Academy of Aviation,091,INST,2026-04-03 04:05:44.570293+00:00
320,201755,1,CESSNA,182M,CESSNA 182M,AIR,,N71331,Substantial,None,None,1.0,,True,False,,091,PERS,2026-04-03 04:05:44.570293+00:00
321,200916,1,CESSNA,152,CESSNA 152,AIR,,N89585,Substantial,None,None,1.0,REC,True,False,VINLAND FLIGHT SCHOOL LLC,091,PERS,2026-04-03 04:05:44.570293+00:00
322,201052,1,EMBRAER,ERJ190,EMBRAER ERJ190,AIR,,EC-OEC,None,None,None,2.0,,False,False,Binter Canarias S.A.,000,,2026-04-03 04:05:44.570293+00:00
323,201052,2,BEECH,300,BEECH 300,AIR,,EC-KJQ,None,None,None,2.0,,False,False,SENASA,000,,2026-04-03 04:05:44.570293+00:00
324,200960,1,ROBINSON HELICOPTER COMPANY,R44 II,ROBINSON HELICOPTER COMPANY R44,HELI,,N74435,Substantial,None,None,1.0,,False,False,POLLUX AVIATION LTD,135,,2026-04-03 04:05:44.570293+00:00
325,200904,1,CESSNA,172,CESSNA 172,AIR,,N1607F,Substantial,None,None,1.0,REC,True,False,,091,PERS,2026-04-03 04:05:44.570293+00:00
326,200899,1,EMBRAER S A,ERJ 170-200 LL,EMBRAER S A ERJ,AIR,,N110SY,None,None,None,2.0,,False,False,SKYWEST AIRLINES INC,121,,2026-04-03 04:05:44.570293+00:00
327,200903,1,GLASAIR,GlaStar,GLASAIR GLASTAR,AIR,,N605MN,Substantial,In-Flight,None,1.0,REC,True,True,,091,PERS,2026-04-03 04:05:44.570293+00:00
328,200941,1,BOEING,737,BOEING 737,,,OK-TVW,,,,,,False,False,Smartwings,129,,2026-04-03 04:05:44.570293+00:00
329,200924,1,PIPER,PA-24-250,PIPER PA-24-250,AIR,,N7412P,Substantial,None,None,1.0,,True,False,ESPYESS AVIATION LLC,091,PERS,2026-04-03 04:05:44.570293+00:00
330,200934,1,CESSNA,172H,CESSNA 172H,AIR,,N8078L,Substantial,None,None,1.0,,True,False,,091,PERS,2026-04-03 04:05:44.570293+00:00
331,200898,1,AIRBUS INDUSTRIE,A320-212,AIRBUS INDUSTRIE A320-212,AIR,,N373NW,None,None,None,2.0,,False,False,DELTA AIR LINES INC,121,,2026-04-03 04:05:44.570293+00:00
332,200929,1,BOEING,787,BOEING 787,AIR,,B-20DI,Minor,None,None,,,False,False,Juneyao Air,000,,2026-04-03 04:05:44.570293+00:00
333,200897,1,CESSNA,172R,CESSNA 172R,AIR,,N5181A,Substantial,None,None,1.0,REC,True,False,SOUTHEASTERN OKLAHOMA STATE UNIVERSITY,091,INST,2026-04-03 04:05:44.570293+00:00
334,201721,1,CESSNA,172,CESSNA 172,AIR,,5Y-GMM,Minor,None,None,,REC,False,False,,000,INST,2026-04-03 04:05:44.570293+00:00
335,200893,1,CESSNA,210D,CESSNA 210D,AIR,,N3806Y,Substantial,None,None,1.0,,True,False,,091,PERS,2026-04-03 04:05:44.570293+00:00
336,200900,1,CIRRUS DESIGN CORP,SR22,CIRRUS DESIGN CORP SR22,AIR,,N45JN,Substantial,None,None,1.0,REC,True,False,,091,PERS,2026-04-03 04:05:44.570293+00:00
337,200945,1,BOEING,787,BOEING 787,AIR,,VT-TSD,None,None,None,,,False,False,Air India,129,,2026-04-03 04:05:44.570293+00:00
338,200921,1,CESSNA,170A,CESSNA 170A,AIR,,N1755D,Substantial,None,None,1.0,REC,True,False,Boeing Employees Flying Association,091,INST,2026-04-03 04:05:44.570293+00:00
339,201009,1,BELL HELICOPTER TEXTRON CANADA,505,BELL HELICOPTER TEXTRON CANADA 505,HELI,,N505GR,Substantial,None,None,1.0,TS,True,False,Bell Training Academy,091,INST,2026-04-03 04:05:44.570293+00:00
340,200880,1,CESSNA,340,CESSNA 340,AIR,,N888MT,Substantial,On-Ground,None,2.0,,True,False,,091,PERS,2026-04-03 04:05:44.570293+00:00
341,200917,1,CESSNA,172M,CESSNA 172M,AIR,,N92356,Substantial,None,None,1.0,REC,True,False,HUB CITY AVIATION ACADEMY LLC,091,PERS,2026-04-03 04:05:44.570293+00:00
342,200912,1,CIRRUS DESIGN CORP,SR20,CIRRUS DESIGN CORP SR20,AIR,,N88SP,Substantial,None,None,1.0,REC,True,False,Nassau Flyers,091,PERS,2026-04-03 04:05:44.570293+00:00
343,200875,1,CESSNA,172S,CESSNA 172S,AIR,,N5203H,Destroyed,None,None,1.0,,True,False,Trade Winds Aviation,091,PERS,2026-04-03 04:05:44.570293+00:00
344,200887,1,BEECH,C35,BEECH C35,AIR,,N655D,Substantial,None,None,1.0,REC,True,False,,091,POSI,2026-04-03 04:05:44.570293+00:00
345,202342,1,CESSNA,414,CESSNA 414,AIR,,N1668T,Substantial,None,None,2.0,REC,True,False,,091,PERS,2026-04-03 04:05:44.570293+00:00
346,201039,1,BOEING,737,BOEING 737,AIR,,EI-IJX,None,None,None,2.0,,False,False,Ryanair,000,,2026-04-03 04:05:44.570293+00:00
347,201039,2,BOEING,737,BOEING 737,AIR,,G-DRTF,None,None,None,,,False,False,Jet2,000,,2026-04-03 04:05:44.570293+00:00
348,200864,1,PIPER,PA-28-140,PIPER PA-28-140,AIR,,N1684J,Substantial,None,None,1.0,,True,False,JARRIEL INVESTMENTS INC,091,INST,2026-04-03 04:05:44.570293+00:00
349,200874,1,VANS AIRCRAFT INC,RV-12IS,VANS AIRCRAFT INC RV-12IS,AIR,,N18HS,Substantial,None,None,1.0,REC,True,True,KETTLE MORAINE YOUTH AVIATION INC,091,PERS,2026-04-03 04:05:44.570293+00:00
350,200885,1,BOEING,727,BOEING 727,AIR,,YV665T,None,In-Flight,None,,TJ,False,False,Solar Cargo,000,,2026-04-03 04:05:44.570293+00:00
351,200867,1,BELL TEXTRON CANADA LTD,407,BELL TEXTRON CANADA LTD 407,HELI,,N38AJ,Substantial,None,None,1.0,,False,False,Life Flight Network,135,PUBU,2026-04-03 04:05:44.570293+00:00
352,201890,1,AYRES CORPORATION,S2R-T34,AYRES CORPORATION S2R-T34,AIR,,N393KW,Substantial,None,None,1.0,TP,True,False,HOPPE AIR LLC,137,AAPL,2026-04-03 04:05:44.570293+00:00
353,200865,1,CESSNA,170B,CESSNA 170B,AIR,,N4584C,Substantial,None,None,1.0,REC,True,False,,091,PERS,2026-04-03 04:05:44.570293+00:00
354,200863,1,CZECH AIRCRAFT GROUP SRO,SPORTCRUISER,CZECH AIRCRAFT GROUP SRO SPORTCRUISER,AIR,,N538SF,Substantial,None,None,1.0,,True,False,Spana Flight,091,FLTS,2026-04-03 04:05:44.570293+00:00
355,200976,1,CIRRUS DESIGN CORP,SR20,CIRRUS DESIGN CORP SR20,AIR,,N241MU,Substantial,None,None,1.0,REC,True,False,MARSHALL UNIVERSITY,091,INST,2026-04-03 04:05:44.570293+00:00
356,200848,1,RANS,S-12 Airaile,RANS S-12,AIR,,N2757A,Substantial,None,None,1.0,,True,False,,091,PERS,2026-04-03 04:05:44.570293+00:00
357,200853,1,CIRRUS DESIGN CORP,SR22,CIRRUS DESIGN CORP SR22,AIR,,N376CD,Substantial,None,None,1.0,REC,True,False,,091,PERS,2026-04-03 04:05:44.570293+00:00
358,200849,1,CESSNA,TU206,CESSNA TU206,AIR,,HK1833,Destroyed,On-Ground,Unknown,1.0,,False,False,SERVICIOS AEROEOS ESPECIALES GLOBAL LIFE AMBULANCIAS S.A.S.,000,OWRK,2026-04-03 04:05:44.570293+00:00
359,200856,1,RAYTHEON AIRCRAFT COMPANY,A36,RAYTHEON AIRCRAFT COMPANY A36,AIR,,N855DC,Substantial,None,None,1.0,,True,False,,091,PERS,2026-04-03 04:05:44.570293+00:00
360,200876,1,CESSNA,120,CESSNA 120,AIR,,N3151N,Substantial,None,None,1.0,,True,False,JOHNSON RANDON E,091,PERS,2026-04-03 04:05:44.570293+00:00
361,200882,1,AIR FLY BALONISMO E INFLAVEIS,AF-SS-94,AIR FLY BALONISMO E INFLAVEIS AF-SS-94,BALL,,N591KY,Substantial,None,None,0.0,,True,False,,091,PERS,2026-04-03 04:05:44.570293+00:00
362,200850,1,BURKHART GROB FLUGZEUGBAU,G102 CLUB ASTIR IIIB,BURKHART GROB FLUGZEUGBAU G102,GLI,,N424BG,Substantial,None,None,0.0,,True,False,ST LOUIS SOARING ASSOCIATION INC,091,PERS,2026-04-03 04:05:44.570293+00:00
363,200861,1,PIPER,PA-28-180,PIPER PA-28-180,AIR,,N7771N,Substantial,None,None,1.0,,True,False,,091,PERS,2026-04-03 04:05:44.570293+00:00
364,200847,1,CESSNA,310Q,CESSNA 310Q,AIR,,N7664Q,Destroyed,None,None,2.0,,True,False,,091,PERS,2026-04-03 04:05:44.570293+00:00
365,200879,1,CESSNA,170B,CESSNA 170B,AIR,,N170JL,Substantial,None,None,1.0,,True,False,,091,PERS,2026-04-03 04:05:44.570293+00:00
366,200873,1,CESSNA,A185F,CESSNA A185F,AIR,,N185GG,Substantial,None,None,1.0,REC,True,False,,091,PERS,2026-04-03 04:05:44.570293+00:00
367,200889,1,ROCKWELL,112,ROCKWELL 112,,,CP-2872,,,,,,False,False,,000,,2026-04-03 04:05:44.570293+00:00
368,200930,1,MCDONNELL DOUGLAS AIRCRAFT CO,MD 83,MCDONNELL DOUGLAS AIRCRAFT CO MD,AIR,,N805WA,None,None,None,2.0,,False,False,World Atlantic Airlines,121,,2026-04-03 04:05:44.570293+00:00
369,200846,1,PIPER,PA-20,PIPER PA-20,AIR,,N7050K,Substantial,None,None,1.0,,True,False,,091,INST,2026-04-03 04:05:44.570293+00:00
370,200844,1,BELL,OH-58A,BELL OH-58A,HELI,,N707EE,Substantial,None,None,1.0,TS,True,False,,091,PERS,2026-04-03 04:05:44.570293+00:00
371,200854,1,CESSNA,170,CESSNA 170,AIR,,N2589V,Substantial,None,None,1.0,REC,True,False,,091,PERS,2026-04-03 04:05:44.570293+00:00
372,200843,1,PIPER,PA-25-235,PIPER PA-25-235,AIR,,N7239Z,Substantial,None,None,1.0,REC,True,False,Zachary Wolf,137,AAPL,2026-04-03 04:05:44.570293+00:00
373,200894,1,CESSNA,172,CESSNA 172,AIR,,N2460A,Substantial,None,None,1.0,REC,True,False,AMERICAN AVIATION INC,091,INST,2026-04-03 04:05:44.570293+00:00
374,200841,1,KAMAN AEROSPACE CORP,K-1200,KAMAN AEROSPACE CORP K-1200,HELI,,N171PL,Substantial,None,None,1.0,TS,True,False,Columbia Basin Helicopter,133,FIRF,2026-04-03 04:05:44.570293+00:00
375,200845,1,CIRRUS DESIGN CORP,SR22T,CIRRUS DESIGN CORP SR22T,AIR,,N561RT,Substantial,None,None,1.0,REC,True,False,,091,PERS,2026-04-03 04:05:44.570293+00:00
376,200839,1,CESSNA,A185F,CESSNA A185F,AIR,,N714HE,Substantial,None,None,1.0,,True,False,,091,FERY,2026-04-03 04:05:44.570293+00:00
377,200840,1,EUROCOPTER,AS 350 B2,EUROCOPTER AS,HELI,,N149TH,Substantial,None,None,1.0,,True,False,TEMSCO HELICOPTERS INC,091,POSI,2026-04-03 04:05:44.570293+00:00
378,202581,1,BELL HELICOPTER TEXTRON CANADA,206L-3,BELL HELICOPTER TEXTRON CANADA 206L-3,HELI,,N17TL,Substantial,None,None,1.0,,True,False,925DT LLC,091,PERS,2026-04-03 04:05:44.570293+00:00
379,200837,1,PARKS,FOKKER D-VII REPLICA,PARKS FOKKER,AIR,,N18852,Substantial,None,None,1.0,REC,True,True,,091,POSI,2026-04-03 04:05:44.570293+00:00
380,200852,1,CESSNA,172,CESSNA 172,AIR,,N505LP,Substantial,None,None,1.0,REC,True,False,WIFA (WASHINGTON INTERNATIONAL FLIGHT ACADEMY) LLC,091,INST,2026-04-03 04:05:44.570293+00:00
381,200858,1,CESSNA,210,CESSNA 210,AIR,,N761SV,Substantial,None,None,1.0,REC,True,False,,091,PERS,2026-04-03 04:05:44.570293+00:00
382,200835,1,CESSNA,172,CESSNA 172,AIR,,N1401E,Substantial,None,None,1.0,REC,True,False,,091,PERS,2026-04-03 04:05:44.570293+00:00
383,200859,1,PIPER,PA32R,PIPER PA32R,AIR,,N990DM,Substantial,None,None,1.0,REC,True,False,,091,PERS,2026-04-03 04:05:44.570293+00:00
384,200862,1,HELIO,H-395,HELIO H-395,AIR,,N44344,Substantial,None,None,1.0,,True,False,Daniel J Michels,091,BUS,2026-04-03 04:05:44.570293+00:00
385,200883,1,AIRBUS HELICOPTERS,AS350B3e,AIRBUS HELICOPTERS AS350B3E,HELI,,N589SH,Substantial,None,None,1.0,TS,True,False,Soloy Helicopters LLC,133,EXLD,2026-04-03 04:05:44.570293+00:00
386,200831,1,ELMWOOD,CHRISTAVIA,ELMWOOD CHRISTAVIA,AIR,,N383JA,Substantial,None,None,1.0,REC,True,True,,091,PERS,2026-04-03 04:05:44.570293+00:00
387,200984,1,BEECH,95-B55 (T42A),BEECH 95-B55,AIR,,N8313N,Substantial,None,None,2.0,REC,True,False,ST PETE AVIATION SERVICES LLC,091,PERS,2026-04-03 04:05:44.570293+00:00
388,200860,1,PATRIOT AIRCRAFT LLC,CX1900A,PATRIOT AIRCRAFT LLC CX1900A,AIR,,N150SP,Substantial,None,None,1.0,REC,True,False,,091,BUS,2026-04-03 04:05:44.570293+00:00
389,200819,1,PIPER,PA-22-160,PIPER PA-22-160,AIR,,N9314D,Substantial,None,None,1.0,REC,True,False,,091,PERS,2026-04-03 04:05:44.570293+00:00
390,200829,1,EXP,Supercub,EXP SUPERCUB,AIR,,N633JC,Substantial,None,None,1.0,REC,True,True,,091,FLTS,2026-04-03 04:05:44.570293+00:00
391,200833,1,VU HOLDINGS LLC/DBA VANILLA UN,VA 001,VU HOLDINGS LLC/DBA VANILLA UN VA,UNMANNED,,N246VU,Substantial,None,None,1.0,,False,False,VU HOLDINGS LLC,000,PUBF,2026-04-03 04:05:44.570293+00:00
392,200901,1,AIRBUS,A320,AIRBUS A320,AIR,,F-HBNJ,None,None,None,,,False,False,,000,,2026-04-03 04:05:44.570293+00:00
393,200826,1,MARSHALL ALLEN L,RV6A,MARSHALL ALLEN L RV6A,AIR,,N692AC,Substantial,None,None,1.0,,True,True,,091,PERS,2026-04-03 04:05:44.570293+00:00
394,200884,1,CESSNA,182,CESSNA 182,AIR,,N691DM,Substantial,None,None,1.0,REC,True,False,,091,PERS,2026-04-03 04:05:44.570293+00:00
395,200822,1,BOEING,B75N1,BOEING B75N1,AIR,,N14GC,Substantial,None,None,1.0,REC,True,False,,091,PERS,2026-04-03 04:05:44.570293+00:00
396,200808,1,LANCAIR,NLA-275-FR-C,LANCAIR NLA-275-FR-C,AIR,,N345LA,Destroyed,On-Ground,None,1.0,,True,True,FIVE LIME ALPHA LLC,091,PERS,2026-04-03 04:05:44.570293+00:00
397,201731,1,CESSNA,172M,CESSNA 172M,AIR,,N20490,Substantial,None,None,1.0,REC,True,False,,091,PERS,2026-04-03 04:05:44.570293+00:00
398,200888,1,EMBRAER,EMB721,EMBRAER EMB721,AIR,,CP-2003,Substantial,None,None,,,False,False,,000,,2026-04-03 04:05:44.570293+00:00
399,200872,1,CESSNA,A185F,CESSNA A185F,AIR,,N9BB,Substantial,None,None,1.0,REC,True,False,,091,PERS,2026-04-03 04:05:44.570293+00:00
400,200828,1,JMB AIRCRAFT S R O,VL-3LSA-912,JMB AIRCRAFT S R O VL-3LSA-912,AIR,,N593TT,Substantial,None,None,1.0,REC,True,False,N593TT RENTAL LLC,091,PERS,2026-04-03 04:05:44.570293+00:00
401,200814,1,HELIO,H-391B,HELIO H-391B,AIR,,N4431U,Substantial,None,None,1.0,REC,True,False,,091,PERS,2026-04-03 04:05:44.570293+00:00
402,200866,1,SCODA AERONAUTICA LTDA,SUPER PETREL LS,SCODA AERONAUTICA LTDA SUPER,AIR,,N999XX,Substantial,None,None,1.0,REC,True,False,,091,PERS,2026-04-03 04:05:44.570293+00:00
403,200891,1,DAVID ULLMAN,JABIRWATT,DAVID ULLMAN JABIRWATT,AIR,,N824DW,Substantial,None,None,1.0,,True,True,,091,PERS,2026-04-03 04:05:44.570293+00:00
404,200870,1,ROBINSON HELICOPTER COMPANY,R44 II,ROBINSON HELICOPTER COMPANY R44,HELI,,N877DR,Substantial,None,None,1.0,REC,True,False,,091,PERS,2026-04-03 04:05:44.570293+00:00
405,201791,1,THRUSH AIRCRAFT LLC,S2R-T660,THRUSH AIRCRAFT LLC S2R-T660,AIR,,N7001B,Substantial,None,None,1.0,,True,False,Thrush Aircraft LLC,091,FLTS,2026-04-03 04:05:44.570293+00:00
406,200895,1,QUICKSILVER,MX II,QUICKSILVER MX,ULTR,,U-M22,Destroyed,Unknown,Unknown,,,False,False,Phuket Flying Club,000,INST,2026-04-03 04:05:44.570293+00:00
407,200803,1,CESSNA,140,CESSNA 140,AIR,,N89447,Unknown,None,None,1.0,,True,False,,091,PERS,2026-04-03 04:05:44.570293+00:00
408,200825,1,CESSNA,172,CESSNA 172,AIR,,N6208C,Substantial,None,None,1.0,,True,False,,091,PERS,2026-04-03 04:05:44.570293+00:00
409,201860,1,CESSNA,172,CESSNA 172,AIR,,AP-BLO,Destroyed,None,None,,,False,False,,000,,2026-04-03 04:05:44.570293+00:00
410,200869,1,PIPER,PA-28-181,PIPER PA-28-181,AIR,,N8150J,Substantial,None,None,1.0,,True,False,,091,PERS,2026-04-03 04:05:44.570293+00:00
411,200802,1,CENTRAIR,101A,CENTRAIR 101A,GLI,,N99KG,Substantial,None,None,0.0,NONE,True,False,,091,PERS,2026-04-03 04:05:44.570293+00:00
412,201049,1,AEROSPOOL,WT9 DYNAMIC LSA,AEROSPOOL WT9,AIR,,HB-WZN,Substantial,None,None,,,False,False,,000,,2026-04-03 04:05:44.570293+00:00
413,200815,1,ROBINSON HELICOPTER COMPANY,R44 II,ROBINSON HELICOPTER COMPANY R44,HELI,,N24DF,Substantial,None,None,1.0,,True,False,CAPE COPTERS LLC,091,BUS,2026-04-03 04:05:44.570293+00:00
414,200913,1,AIRBUS,A320-214,AIRBUS A320-214,AIR,,N837VA,None,None,None,2.0,TF,False,False,Global Crossing Airlines,121,,2026-04-03 04:05:44.570293+00:00
415,200913,2,LEONARDO,AW139,LEONARDO AW139,HELI,,XA-KRY,None,None,None,,,False,False,Transportes Aereos Pegaso,000,,2026-04-03 04:05:44.570293+00:00
416,200811,1,GRUMMAN AMERICAN AVN. CORP.,G-164B,GRUMMAN AMERICAN AVN. CORP. G-164B,AIR,,N7015N,Substantial,None,None,1.0,,True,False,Christopher Larson,137,AAPL,2026-04-03 04:05:44.570293+00:00
417,200801,1,CESSNA,172,CESSNA 172,AIR,,N7205Q,Substantial,None,None,1.0,,True,False,N7205Q LLC,091,INST,2026-04-03 04:05:44.570293+00:00
418,200816,1,MD HELICOPTERS INC,600N,MD HELICOPTERS INC 600N,HELI,,N600MW,Substantial,None,None,1.0,TS,True,False,RN064 INC OWNER TRUSTEE,000,UNK,2026-04-03 04:05:44.570293+00:00
419,200793,1,PIPER,PA-12,PIPER PA-12,AIR,,N4014M,Substantial,None,None,1.0,,True,False,,091,PERS,2026-04-03 04:05:44.570293+00:00
420,200791,1,AIRBUS,A319,AIRBUS A319,AIR,,C-GSJB,None,None,None,2.0,,False,False,Air Canada Rouge LP,129,,2026-04-03 04:05:44.570293+00:00
421,200796,1,CESSNA,560XL,CESSNA 560XL,AIR,,N802TD,Substantial,None,None,2.0,,True,False,ALLIANCE AVIATION GROUP LLC,091,BUS,2026-04-03 04:05:44.570293+00:00
422,200810,1,PIPER,PA-18-150,PIPER PA-18-150,AIR,,N476SM,Substantial,None,None,1.0,,True,False,DRAKE AERIAL ENTERPRISES LLC,091,BANT,2026-04-03 04:05:44.570293+00:00
423,200817,1,BOEING,737,BOEING 737,AIR,,G-TUKR,None,None,None,,,False,False,TUI Airways,129,,2026-04-03 04:05:44.570293+00:00
424,200786,1,CESSNA,172L,CESSNA 172L,AIR,,N2860Q,Destroyed,None,None,1.0,,True,False,Pilot,091,PERS,2026-04-03 04:05:44.570293+00:00
425,200789,1,PIPER,PA-28-180,PIPER PA-28-180,AIR,,N2691T,Substantial,None,None,1.0,,True,False,,091,PERS,2026-04-03 04:05:44.570293+00:00
426,200797,1,BOEING,787,BOEING 787,AIR,,ZK-NZR,None,None,None,2.0,,False,False,,000,,2026-04-03 04:05:44.570293+00:00
427,200790,1,BEECH,M35,BEECH M35,AIR,,N951T,Destroyed,On-Ground,None,1.0,,True,False,,091,PERS,2026-04-03 04:05:44.570293+00:00
428,200806,1,BOEING,737,BOEING 737,AIR,,VH-IJU,None,None,None,,,False,False,,129,,2026-04-03 04:05:44.570293+00:00
429,200779,1,CESSNA,P210,CESSNA P210,AIR,,N92MS,Substantial,None,None,1.0,,True,False,CIL N92MS LLC,091,PERS,2026-04-03 04:05:44.570293+00:00
430,200813,1,CIRRUS DESIGN CORP,SR22,CIRRUS DESIGN CORP SR22,AIR,,N654CD,Substantial,None,None,1.0,REC,True,False,,091,INST,2026-04-03 04:05:44.570293+00:00
431,200809,1,MOONEY,M20M,MOONEY M20M,AIR,,N42FA,Substantial,None,None,1.0,REC,True,False,Private Individual,000,PERS,2026-04-03 04:05:44.570293+00:00
432,200827,1,VANS AIRCRAFT,RV14,VANS AIRCRAFT RV14,AIR,,N29JM,Substantial,None,None,1.0,REC,True,False,,091,PERS,2026-04-03 04:05:44.570293+00:00
433,200795,1,BOEING,737,BOEING 737,AIR,,9H-VVL,Minor,None,None,2.0,,False,False,,000,,2026-04-03 04:05:44.570293+00:00
434,200805,1,BOEING,747-8F,BOEING 747-8F,AIR,,N613UP,Minor,None,None,4.0,TF,False,False,UPS,121,,2026-04-03 04:05:44.570293+00:00
435,200959,1,CESSNA,560,CESSNA 560,AIR,,VH-OHE,None,None,None,,,False,False,,000,,2026-04-03 04:05:44.570293+00:00
436,200785,1,CESSNA,150,CESSNA 150,AIR,,N9400U,Substantial,None,None,1.0,,True,False,,091,PERS,2026-04-03 04:05:44.570293+00:00
437,200778,1,XAG,P100 PRO,XAG P100,HELI,,N467GE,Substantial,None,None,4.0,ELEC,True,False,,137,AAPL,2026-04-03 04:05:44.570293+00:00
438,200770,1,VANS,RV-7A,VANS RV-7A,AIR,,N30SG,Substantial,None,None,1.0,,True,True,,091,PERS,2026-04-03 04:05:44.570293+00:00
439,200890,1,CESSNA,TR182,CESSNA TR182,AIR,,N619MW,Substantial,None,None,1.0,,True,False,Mark Williams,091,PERS,2026-04-03 04:05:44.570293+00:00
440,200777,1,PASCHAL JR ROY E,VELOCITY XL RG,PASCHAL JR ROY E VELOCITY,AIR,,N7778M,Substantial,None,None,1.0,REC,True,True,,091,PERS,2026-04-03 04:05:44.570293+00:00
441,200726,1,STOLP STARDUSTER,SA300,STOLP STARDUSTER SA300,AIR,,N983AM,Substantial,None,None,1.0,,True,True,,091,PERS,2026-04-03 04:05:44.570293+00:00
442,200772,1,PITTS,S-1T,PITTS S-1T,AIR,,N51HC,Substantial,None,None,1.0,,True,True,,091,PERS,2026-04-03 04:05:44.570293+00:00
443,200763,1,NORTH AMERICAN,T-28B,NORTH AMERICAN T-28B,AIR,,N28XT,Substantial,None,None,1.0,,True,False,,091,PERS,2026-04-03 04:05:44.570293+00:00
444,200769,1,SOCATA,TBM 700,SOCATA TBM,AIR,,N860CA,Destroyed,On-Ground,None,1.0,TP,True,False,Decagon Services INC,091,BUS,2026-04-03 04:05:44.570293+00:00
445,200775,1,PIPER,PA-12,PIPER PA-12,AIR,,N2504M,Substantial,None,None,1.0,,True,False,AERIAL MESSAGES LEASING CO,091,BANT,2026-04-03 04:05:44.570293+00:00
446,200764,1,DE HAVILLAND,DHC-6-300,DE HAVILLAND DHC-6-300,AIR,,N344CS,Substantial,None,None,2.0,,False,False,Rampart Aviation,135,,2026-04-03 04:05:44.570293+00:00
447,200757,1,HILLER,UH-12E,HILLER UH-12E,HELI,,N703WA,Substantial,None,None,1.0,TS,True,False,ANTHONY GHIDOSSI CHEMICAL LLC,137,AAPL,2026-04-03 04:05:44.570293+00:00
448,200824,1,AIRBUS,A320,AIRBUS A320,AIR,,VH-VQL,None,None,None,,TF,False,False,Jetstar,129,,2026-04-03 04:05:44.570293+00:00
449,200748,1,AIR TRACTOR INC,AT-502B,AIR TRACTOR INC AT-502B,AIR,,N502WF,Substantial,None,None,1.0,TP,True,False,"Midwest Custom Ag Aviation, Inc",137,,2026-04-03 04:05:44.570293+00:00
450,200746,1,AIR TRACTOR INC,AT-502,AIR TRACTOR INC AT-502,AIR,,N9193V,Substantial,None,None,1.0,,True,False,Klein Flying Services,137,AAPL,2026-04-03 04:05:44.570293+00:00
451,200768,1,MAULE,MX-7-180A,MAULE MX-7-180A,AIR,,N1052T,Substantial,None,None,1.0,REC,True,False,,091,PERS,2026-04-03 04:05:44.570293+00:00
452,200758,1,AVIAT,A1,AVIAT A1,AIR,,N801RA,Substantial,None,None,1.0,REC,True,False,,091,PERS,2026-04-03 04:05:44.570293+00:00
453,200794,1,BOEING,747-47UF,BOEING 747-47UF,AIR,,N258SN,None,None,None,4.0,TF,False,False,,129,,2026-04-03 04:05:44.570293+00:00
454,200794,2,AIRBUS,A320,AIRBUS A320,AIR,,A6-EIV,None,None,None,2.0,,False,False,,000,,2026-04-03 04:05:44.570293+00:00
455,200760,1,DE HAVILLAND,DHC-6-300,DE HAVILLAND DHC-6-300,AIR,,N189GC,Substantial,None,None,2.0,,False,False,GRAND CANYON AIRLINES INC,135,,2026-04-03 04:05:44.570293+00:00
456,200781,1,BEECH,S35,BEECH S35,AIR,,N861T,Substantial,None,None,1.0,REC,True,False,,091,PERS,2026-04-03 04:05:44.570293+00:00
457,200745,1,TAYLORCRAFT,BC12,TAYLORCRAFT BC12,AIR,,N95356,Substantial,None,None,1.0,REC,True,False,,091,PERS,2026-04-03 04:05:44.570293+00:00
458,200744,1,DEHAVILLAND,DHC-2 MK 1,DEHAVILLAND DHC-2,AIR,,N232KT,Substantial,None,None,1.0,REC,False,False,"Rust's Flying Service, Inc",135,BUS,2026-04-03 04:05:44.570293+00:00
459,200752,1,PIPER,PA-28-151,PIPER PA-28-151,AIR,,N1080H,Substantial,None,None,1.0,,True,False,,091,INST,2026-04-03 04:05:44.570293+00:00
460,200762,1,AMERICAN EUROCOPTER LLC,AS350B3,AMERICAN EUROCOPTER LLC AS350B3,HELI,,N279AM,Minor,None,None,1.0,,False,False,AIR METHODS LLC,135,,2026-04-03 04:05:44.570293+00:00
461,200834,1,BEECH,A36,BEECH A36,AIR,,N60357,Substantial,None,None,1.0,,True,False,CENTRAL FLYING SERVICE LLC,091,EXEC,2026-04-03 04:05:44.570293+00:00
462,200767,1,CESSNA,195,CESSNA 195,AIR,,N1950C,Substantial,None,None,1.0,,True,False,,091,PERS,2026-04-03 04:05:44.570293+00:00
463,200756,1,DENNEY,KITFOX,DENNEY KITFOX,AIR,,N300KF,Substantial,None,None,,,True,True,,091,PERS,2026-04-03 04:05:44.570293+00:00
464,200804,1,CESSNA,140,CESSNA 140,AIR,,N89351,Substantial,None,None,1.0,,True,False,,091,PERS,2026-04-03 04:05:44.570293+00:00
465,200741,1,CESSNA,172N,CESSNA 172N,AIR,,N734SW,Substantial,None,None,1.0,REC,True,False,Red Eagle Aviation,091,INST,2026-04-03 04:05:44.570293+00:00
466,200750,1,RAYTHEON AIRCRAFT COMPANY,B36TC,RAYTHEON AIRCRAFT COMPANY B36TC,AIR,,N5073C,Substantial,None,None,1.0,REC,True,False,SOUTHERN AIRCRAFT CONSULTANCY INC TRUSTEE,000,,2026-04-03 04:05:44.570293+00:00
467,200696,1,AIR TRACTOR INC,AT-400A,AIR TRACTOR INC AT-400A,AIR,,N3157B,Substantial,None,None,1.0,TP,True,False,Black Dog Aviation,091,AAPL,2026-04-03 04:05:44.570293+00:00
468,200754,1,NORTH AMERICAN,T-28C,NORTH AMERICAN T-28C,AIR,,N9748Y,Substantial,None,None,1.0,,True,False,,091,PERS,2026-04-03 04:05:44.570293+00:00
469,200749,1,PIPER,PA-28-181,PIPER PA-28-181,AIR,,N686JA,Substantial,None,None,1.0,REC,True,False,,091,PERS,2026-04-03 04:05:44.570293+00:00
470,200755,1,CESSNA,210,CESSNA 210,AIR,,CP-3139,Substantial,None,None,,,False,False,,000,PERS,2026-04-03 04:05:44.570293+00:00
471,200732,1,HUGHES,369D,HUGHES 369D,HELI,,N173AL,Destroyed,On-Ground,None,1.0,,True,False,,133,OWRK,2026-04-03 04:05:44.570293+00:00
472,200733,1,CESSNA,T182T,CESSNA T182T,AIR,,N35370,Substantial,None,None,1.0,,True,False,,091,PERS,2026-04-03 04:05:44.570293+00:00
473,200736,1,CIRRUS DESIGN CORP,SR22,CIRRUS DESIGN CORP SR22,AIR,,N412DJ,Substantial,None,None,1.0,,True,False,,091,INST,2026-04-03 04:05:44.570293+00:00
474,200739,1,CESSNA,560,CESSNA 560,AIR,,5Y-FDN,Substantial,In-Flight,Unknown,,,False,False,African Medical and Research Foundation (AMREF) Flying Doctors,000,,2026-04-03 04:05:44.570293+00:00
475,200731,1,AIR TRACTOR INC,AT-301,AIR TRACTOR INC AT-301,AIR,,N23069,Substantial,None,None,1.0,,True,False,AG SPRAY INC,137,AAPL,2026-04-03 04:05:44.570293+00:00
476,200761,1,LANCAIR,ES,LANCAIR ES,AIR,,CA-AD05,Substantial,None,None,,,False,False,,000,,2026-04-03 04:05:44.570293+00:00
477,200735,1,VANS,RV4,VANS RV4,AIR,,N595BS,Substantial,None,None,1.0,,True,True,,091,PERS,2026-04-03 04:05:44.570293+00:00
478,200737,1,SCHWEIZER,SGS 2-33A,SCHWEIZER SGS,GLI,,N65818,Substantial,None,None,0.0,,True,False,,091,INST,2026-04-03 04:05:44.570293+00:00
479,200724,1,AYRES CORPORATION,S2R-G6,AYRES CORPORATION S2R-G6,AIR,,N2239V,Substantial,None,None,1.0,,True,False,NORTH STAR AVIATION INC,137,,2026-04-03 04:05:44.570293+00:00
480,200730,1,BEECH,B200,BEECH B200,AIR,,G-NIAA,Unknown,None,None,2.0,,False,False,,000,,2026-04-03 04:05:44.570293+00:00
481,200728,1,BEECH,35-C33,BEECH 35-C33,AIR,,N500HT,Substantial,None,None,1.0,REC,True,False,,091,PERS,2026-04-03 04:05:44.570293+00:00
482,200721,1,BEECH,A36,BEECH A36,AIR,,N4970M,Unknown,None,None,1.0,,True,False,,000,,2026-04-03 04:05:44.570293+00:00
483,200722,1,AERONCA,7AC,AERONCA 7AC,AIR,,N84726,Substantial,None,None,1.0,,True,False,,091,PERS,2026-04-03 04:05:44.570293+00:00
484,200716,1,BEECH,300,BEECH 300,AIR,,N534AW,Destroyed,On-Ground,None,2.0,,False,False,CSI AVIATION INC,135,POSI,2026-04-03 04:05:44.570293+00:00
485,200719,1,GARY W LEWINSKI,SONEX,GARY W LEWINSKI SONEX,AIR,,N67BG,Substantial,On-Ground,None,1.0,,True,True,,091,PERS,2026-04-03 04:05:44.570293+00:00
486,200710,1,CESSNA,172N,CESSNA 172N,AIR,,N1213F,Substantial,None,None,1.0,,True,False,FLIGHT ANSWERS LLC,091,INST,2026-04-03 04:05:44.570293+00:00
487,200712,1,ROBINSON HELICOPTER COMPANY,R44 II,ROBINSON HELICOPTER COMPANY R44,HELI,,N750GT,Substantial,None,None,1.0,REC,True,False,Anna Kopp,091,PERS,2026-04-03 04:05:44.570293+00:00
488,200729,1,AIRBUS,A321,AIRBUS A321,AIR,,EC-OOJ,Unknown,None,None,2.0,TF,False,False,Iberia,000,,2026-04-03 04:05:44.570293+00:00
489,200693,1,ROBINSON HELICOPTER,R22 BETA,ROBINSON HELICOPTER R22,HELI,,N4684S,Substantial,None,None,1.0,REC,True,False,,091,INST,2026-04-03 04:05:44.570293+00:00
490,200704,1,PIPER,PA-28-180,PIPER PA-28-180,AIR,,N8359W,Substantial,None,None,1.0,,True,False,,091,INST,2026-04-03 04:05:44.570293+00:00
491,200689,1,LIONAL RAY WARD,WARD F-4 ROCKET,LIONAL RAY WARD WARD,AIR,,N31VX,Substantial,None,None,1.0,,True,False,,000,PERS,2026-04-03 04:05:44.570293+00:00
492,200715,1,JABIRU AIRCRAFT PTY LTD,J230-D,JABIRU AIRCRAFT PTY LTD J230-D,AIR,,N784J,Substantial,None,None,1.0,,True,False,,091,PERS,2026-04-03 04:05:44.570293+00:00
493,200694,1,CESSNA,188,CESSNA 188,AIR,,HK1635,Substantial,None,None,,,False,False,AGRICOLA DE SERVICIOS AEREOS DEL META ASAM S.A.S,000,,2026-04-03 04:05:44.570293+00:00
494,200711,1,CESSNA,A185E,CESSNA A185E,AIR,,N2252T,Substantial,None,None,1.0,REC,True,False,,091,PERS,2026-04-03 04:05:44.570293+00:00
495,200743,1,BOEING,737,BOEING 737,AIR,,ZS-ZWO,None,None,None,2.0,TF,False,False,Safair Operations Pty Ltd,000,,2026-04-03 04:05:44.570293+00:00
496,200684,1,CESSNA,152,CESSNA 152,AIR,,N6125B,Destroyed,None,None,1.0,,True,False,BV ROAD AND SITE LLC,091,UNK,2026-04-03 04:05:44.570293+00:00
497,200686,1,CESSNA,U206F,CESSNA U206F,AIR,,N206GR,Substantial,None,None,1.0,REC,True,False,,091,OWRK,2026-04-03 04:05:44.570293+00:00
498,200698,1,CESSNA,TU206,CESSNA TU206,AIR,,N9493Z,Substantial,None,None,1.0,REC,True,False,,091,PERS,2026-04-03 04:05:44.570293+00:00
499,200751,1,BELL,206,BELL 206,HELI,,C-GGAS,Substantial,None,None,,,False,False,,000,,2026-04-03 04:05:44.570293+00:00
500,200685,1,CESSNA,208B,CESSNA 208B,AIR,,N645AT,Substantial,None,None,1.0,TP,False,False,J & M Alaska Air Tours,135,,2026-04-03 04:05:44.570293+00:00
501,200683,1,SCHLEICHER,ASW27-18,SCHLEICHER ASW27-18,GLI,,N929JK,Destroyed,On-Ground,Unknown,0.0,,True,False,,091,PERS,2026-04-03 04:05:44.570293+00:00
502,200774,1,CESSNA,TR182,CESSNA TR182,AIR,,HK2434G,Substantial,Unknown,Unknown,1.0,REC,False,False,,000,,2026-04-03 04:05:44.570293+00:00
503,200680,1,PIPER,J5C,PIPER J5C,AIR,,N28151,Substantial,None,None,1.0,,True,False,,091,PERS,2026-04-03 04:05:44.570293+00:00
504,200691,1,CESSNA,172P,CESSNA 172P,AIR,,N62296,Substantial,None,None,1.0,,True,False,In The Pattern,091,INST,2026-04-03 04:05:44.570293+00:00
