"NtsbNo","EventType","Mkey","EventDate","City","State","Country","ReportNo","N#","SerialNumber","HasSafetyRec","Mode","ReportType","OriginalPublishedDate","DocketOriginalPublishedDate","HighestInjuryLevel","FatalInjuryCount","SeriousInjuryCount","MinorInjuryCount","OnboardInjuryCount","OnGroundInjuryCount","ProbableCause","Findings","EventID","Latitude","Longitude ","Make","Model","AirCraftCategory","AirportID","AirportName","AmateurBuilt","NumberOfEngines","EngineType","Scheduled","PurposeOfFlight","FAR","AirCraftDamage","WeatherCondition","Operator","ReportStatus","RepGenFlag","MostRecentReportType","DocketUrl","ReportUrl"
"ERA26LA028","ACC","201944","2025-10-31T19:00:00Z","Dayton","Tennessee","United States",,"N222FT","11074","false","Aviation","",,,"None","0","0","0","0","0",,,,"35.483072999999997","-84.933640999999994","CONSOLIDATED VULTEE","28-5ACF","AIR","2A0","MARK ANTON","false","2",,,"FLTS","091","Substantial","VMC","PBY LLC","In work",,"Prelim","","https://data.ntsb.gov/carol-repgen/api/Aviation/ReportMain/GenerateNewestReport/201944/pdf"
"WPR26LA035","ACC","201953","2025-10-31T13:27:00Z","Friday Harbor","Washington","United States",,"N9234N","4119C","false","Aviation","",,,"None","0","0","0","0",,,,,"48.523972000000001","-123.02443","MAULE","M-7-235A","AIR","FHR",,"false","1",,,"PERS","091","Substantial","VMC",,"In work",,"Prelim","","https://data.ntsb.gov/carol-repgen/api/Aviation/ReportMain/GenerateNewestReport/201953/pdf"
"ERA26FA027","ACC","201941","2025-10-31T11:35:00Z","Ballston Spa","New York","United States",,"N79338","548","false","Aviation","",,,"Fatal","1","1","0","2","0",,,,"43.044479000000003","-73.871565000000004","MOONEY","M20E","AIR","5B2","SARATOGA COUNTY","false","1",,,"PERS","091","Destroyed","VMC",,"In work",,"Prelim","","https://data.ntsb.gov/carol-repgen/api/Aviation/ReportMain/GenerateNewestReport/201941/pdf"
"ENG26LA004","INC","201942","2025-10-30T18:48:00Z","Gulf of America","Gulf of America","United States",,"N605JB","02368","false","Aviation","",,,"Minor","0","0","22","22","0",,,,"27.307020000000001","-83.925700000000006","AIRBUS","A320-232","AIR",,,"false","2",,"SCHD",,"121","Minor","VMC","JETBLUE AIRWAYS CORP","In work",,"Prelim","","https://data.ntsb.gov/carol-repgen/api/Aviation/ReportMain/GenerateNewestReport/201942/pdf"
"GAA26WA016","ACC","201939","2025-10-30T16:01:00Z","Bentley","Other Foreign","United Kingdom",,"G-CFNF","12496","false","Aviation","","2025-11-04T05:00:00Z",,"Fatal","1","0","3","4","0",,,,"53.544243000000002","-1.129653","ROBINSON","R44","HELI",,,"false","1",,,,"NUSN","Destroyed",,,"N/A",,"Final","","None"
"CEN26LA033","ACC","201949","2025-10-30T16:00:00Z","Lakeview","Arkansas","United States",,"N2040X","18256140","false","Aviation","DirectorBrief","2026-03-13T04:00:00Z","2026-03-13T17:00:00Z","Minor","0","0","2","2",,"The pilot’s failure to maintain a proper approach path during landing which resulted in a collision with terrain short of the runway. Contributing to the accident was the improper flap position during landing, and the pilot being fatigued.","Aircraft - Aircraft systems - Flight control system - TE flap control system - Incorrect use/operation, Personnel issues - Task performance - Use of equip/info - Use of equip/system - Pilot, Personnel issues - Task performance - Use of equip/info - Aircraft control - Pilot, Aircraft - Aircraft oper/perf/capability - Performance/control parameters - Descent/approach/glide path - Not attained/maintained, Personnel issues - Physical - Alertness/Fatigue - Lack of sleep - Pilot",,"36.350763999999998","-92.550134999999997","CESSNA","182H","AIR","3M0","Gastons","false","1","REC",,"PERS","091","Substantial","VMC",,"Completed",,"Final","https://data.ntsb.gov/Docket?ProjectID=201949","https://data.ntsb.gov/carol-repgen/api/Aviation/ReportMain/GenerateNewestReport/201949/pdf"
"WPR26LA037","ACC","201956","2025-10-29T19:20:00Z","Santa Ynez","California","United States",,"N74323","AA5B-0201","false","Aviation","",,,"None","0","0","0","0",,,,,"34.605494","-120.08063","GRUMMAN AMERICAN AVN. CORP.","AA-5B","AIR","IZA","SANTA YNEZ/KUNKLE FLD","false","1",,,"PERS","091","Substantial","VMC",,"In work",,"Prelim","","https://data.ntsb.gov/carol-repgen/api/Aviation/ReportMain/GenerateNewestReport/201956/pdf"
"ANC26LA020","ACC","202453","2025-10-29T13:00:00Z","Mapleton","Iowa","United States",,"N735ZD","18265807","false","Aviation","",,,"None","0","0","0","0",,,,,"42.178640000000001","-95.804181999999997","CESSNA","182Q","AIR","MEY",,"false","1",,,"PERS","091","Substantial",,,"In work",,"Prelim","","https://data.ntsb.gov/carol-repgen/api/Aviation/ReportMain/GenerateNewestReport/202453/pdf"
"GAA26WA019","ACC","201960","2025-10-29T04:00:00Z","San Felipe","Other Foreign","Chile",,"ULM-200",,"false","Aviation","","2025-12-27T05:00:00Z",,"Fatal","1","0","0","1","0",,,,,,"RANS","S9","AIR",,,"false",,,,,"NUSN","Destroyed",,,"N/A",,"Final","","None"
"WPR26LA034","ACC","201936","2025-10-28T19:45:00Z","La Verne","California","United States",,"N5107S","28R-7135108","false","Aviation","",,,"None","0","0","0","0",,,,,"34.091667000000001","-117.78176999999999","PIPER","PA-28R-200","AIR","POC","BRACKETT FLD","false","1",,,"PERS","091","Substantial","VMC","JDC AVIATION LLC","In work",,"Prelim","","https://data.ntsb.gov/carol-repgen/api/Aviation/ReportMain/GenerateNewestReport/201936/pdf"
"ERA26LA030","ACC","201951","2025-10-28T17:30:00Z","McRae-Helena","Georgia","United States",,"N222HF","0247","false","Aviation","",,,"None","0","0","0","0","0",,,,"32.092047000000001","-82.881729000000007","HUGH NUNNALLY FARRIOR","COZY MK IV","AIR","MQW","TELFAIR-WHEELER","true","1",,,"PERS","091","Substantial","VMC",,"In work",,"Prelim","","https://data.ntsb.gov/carol-repgen/api/Aviation/ReportMain/GenerateNewestReport/201951/pdf"
"ERA26LA025","ACC","201933","2025-10-28T10:03:00Z","Boca Raton","Florida","United States",,"N202RD, N825KS","G2020021, 17280791","false","Aviation","DirectorBrief","2026-01-09T05:00:00Z","2026-01-09T19:00:00Z","None","0","0","0","0","0","The low-wing pilot’s inadequate visual lookout, which resulted in a collision with another airplane while taxiing.","Personnel issues - Psychological - Attention/monitoring - Monitoring other aircraft - Pilot",,"26.373121999999999","-80.114744999999999","AKROTECH AVIATION INC, CESSNA","GILES G-202, 172R","AIR, AIR","KBCT","Boca Raton Airport","false, false","1, 1","REC, REC",,"PERS, INST","091, 091","Substantial, Substantial","VMC","HIGH ALPHA AERO LLC, Lynn University","Completed",,"Final","https://data.ntsb.gov/Docket?ProjectID=201933","https://data.ntsb.gov/carol-repgen/api/Aviation/ReportMain/GenerateNewestReport/201933/pdf"
"GAA26WA015","ACC","201934","2025-10-28T04:00:00Z","Diani","Other Foreign","Kenya",,"5Y-CCA",,"false","Aviation","",,,"Fatal","1","0","0","1",,,,,,,"CESSNA","208","AIR",,,"false",,,,,"UNK","Destroyed",,,"N/A",,"Prelim","","None"
"WPR26LA033","ACC","201932","2025-10-27T12:45:00Z","Richfield","Utah","United States",,"N49792","152-83517","false","Aviation","DirectorBrief","2026-02-13T05:00:00Z","2026-02-12T18:00:00Z","Minor","0","0","1","1","0","The pilot’s failure to maintain directional control in gusting wind conditions during the takeoff roll.","Environmental issues - Conditions/weather/phenomena - Wind - Gusts - Ability to respond/compensate, Personnel issues - Task performance - Use of equip/info - Aircraft control - Pilot",,"38.729999999999997","-112.09999999999999","CESSNA","152","AIR","RIF","Richfield Municipal","false","1","REC",,"PERS","091","Substantial","VMC","Sierra Lima Aviation LLC","Completed",,"Final","https://data.ntsb.gov/Docket?ProjectID=201932","https://data.ntsb.gov/carol-repgen/api/Aviation/ReportMain/GenerateNewestReport/201932/pdf"
"CEN26LA031","ACC","201928","2025-10-27T06:30:00Z","Chilton","Texas","United States",,"N5241N","1172","false","Aviation","",,,"None","0","0","0","0","0",,,,"31.28745","-96.990269999999995","DENNEY","KITFOX","AIR","N/A",,"true","1",,,"PERS","091","Substantial","VMC",,"In work",,"Prelim","","https://data.ntsb.gov/carol-repgen/api/Aviation/ReportMain/GenerateNewestReport/201928/pdf"
"CEN26LA030","ACC","201923","2025-10-26T10:18:00Z","El Paso","Texas","United States",,"N46CR","46-8608021","false","Aviation","",,,"None","0","0","0","0","0",,,,"31.821476000000001","-106.09807000000001","PIPER","PA-46-310P","AIR","ELP","EL PASO INTL","false","1",,,"PERS","091","Substantial","VMC",,"In work",,"Prelim","","https://data.ntsb.gov/carol-repgen/api/Aviation/ReportMain/GenerateNewestReport/201923/pdf"
"GAA26WA014","ACC","201930","2025-10-25T14:20:00Z","Nuuk",,"Greenland",,"N9009F","18283322","false","Aviation","","2025-12-08T05:00:00Z",,"Fatal","1","0","0","1","0",,,,"64.293499999999995","-51.507167000000003","TEXTRON AVIATION INC","182T","AIR",,,"false","1",,,,"NUSN","Destroyed",,"Globe Aero LLC","N/A",,"Final","","None"
"GAA26WA013","INC","201920","2025-10-25T04:00:00Z","Ilopango","Other Foreign","El Salvador",,"N9417T",,"false","Aviation","","2025-10-30T04:00:00Z",,"None","0","0","0","0","0",,,,,,"CESSNA","210","AIR",,,"false",,,,,"NUSN","Unknown",,,"N/A",,"Final","","None"
"WPR26FA032","ACC","201919","2025-10-24T22:15:00Z","Lincoln","Montana","United States",,"N740TS","8601","false","Aviation","",,,"Fatal","1","0","0","1",,,,,"46.965600000000002","-112.64896","CIRRUS DESIGN CORP","SR22T","AIR","S69","LINCOLN","false","1",,,"PERS","091","Destroyed","VMC","CLICKIT AIR LLC","In work",,"Prelim","","https://data.ntsb.gov/carol-repgen/api/Aviation/ReportMain/GenerateNewestReport/201919/pdf"
"ERA26LA024","ACC","201925","2025-10-24T19:15:00Z","Somerville","Tennessee","United States",,"N3905F","28-7625269","false","Aviation","",,,"Minor","0","0","1","1","0",,,,"35.215218999999998","-89.394712999999996","PIPER","PA-28-140","AIR","FYE","Fayette County Airport","false","1",,,"PERS","091","Substantial","VMC",,"In work",,"Prelim","","https://data.ntsb.gov/carol-repgen/api/Aviation/ReportMain/GenerateNewestReport/201925/pdf"
"ERA26LA022","ACC","201922","2025-10-24T16:00:00Z","Williston","South Carolina","United States",,"N43822","12041628","false","Aviation","DirectorBrief","2025-12-11T05:00:00Z","2025-12-11T18:00:00Z","None","0","0","0","0","0","The pilot’s failure to maintain directional control of the airplane during the initial climb in gusting crosswind conditions.","Personnel issues - Task performance - Use of equip/info - Aircraft control - Pilot, Aircraft - Aircraft oper/perf/capability - Performance/control parameters - Directional control - Not attained/maintained, Environmental issues - Conditions/weather/phenomena - Wind - Crosswind - Response/compensation",,"33.371760999999999","-81.463987000000003","RANS EMPLOYEE FLYING CLUB","RANS S-6ES COYOTE II","AIR","95SC","BUCKEYE FLD","true","1","REC",,"PERS","091","Substantial","VMC",,"Completed",,"Final","https://data.ntsb.gov/Docket?ProjectID=201922","https://data.ntsb.gov/carol-repgen/api/Aviation/ReportMain/GenerateNewestReport/201922/pdf"
"DCA26WA021","ACC","201938","2025-10-24T12:00:00Z","Liège","Other Foreign","Belgium",,"4XIAJ","28207","false","Aviation","","2025-11-03T05:00:00Z",,,,,,,,,,,,,"BOEING","767","AIR","EBLG","Liège Airport","false","2",,,,"121","Substantial",,"Challenge Airlines","N/A",,"Final","","None"
"CEN26LA029","ACC","201921","2025-10-23T18:13:00Z","Flippin","Arkansas","United States",,"N864R","CD-19","false","Aviation","",,,"Serious","0","1","0","1","0",,,,"36.295749999999998","-92.584069","BEECH","35-33","AIR","FLP","Marion County Regional Airport","false","1",,,"PERS","091","Substantial","VMC",,"In work",,"Prelim","","https://data.ntsb.gov/carol-repgen/api/Aviation/ReportMain/GenerateNewestReport/201921/pdf"
"ERA26LA023","ACC","201924","2025-10-23T09:18:00Z","St. Augustine","Florida","United States",,"N95005","15285835","false","Aviation","DirectorBrief","2025-12-11T05:00:00Z","2025-12-11T18:00:00Z","Minor","0","0","1","1",,"The student pilot’s failure to properly set the elevator trim prior to takeoff, which resulted in her inability to effectively control the airplane’s pitch and a collision with trees at the end of the runway during initial climb.","Aircraft - Aircraft systems - Flight control system - Elevator tab control system - Incorrect use/operation, Personnel issues - Task performance - Use of equip/info - Aircraft control - Student/instructed pilot, Aircraft - Aircraft oper/perf/capability - Performance/control parameters - Pitch control - Not attained/maintained",,"29.978317000000001","-81.350532999999999","CESSNA","152","AIR","SGJ","NORTHEAST FLORIDA RGNL","false","1","REC",,"INST","091","Substantial","VMC","Florida Flyers Academy","Completed",,"Final","https://data.ntsb.gov/Docket?ProjectID=201924","https://data.ntsb.gov/carol-repgen/api/Aviation/ReportMain/GenerateNewestReport/201924/pdf"
"DCA26FA019","ACC","201917","2025-10-23T04:00:00Z","Indiantown","Florida","United States",,"N514AX",,"false","Aviation","",,,,,,,,,,,,,,"AIR VEV INC","AIR ZERO2",,,,"false",,,"NSCH",,"091",,,"AIR VEV INC","In work",,,"",""
"ERA26LA026","ACC","201935","2025-10-23T00:00:00Z","Wetumpka","Alabama","United States",,"N545HF","4123","false","Aviation","",,,"None","0","0","0","0",,,,,"32.516666999999998","-86.316666999999995","EUROCOPTER","AS 350 B3","HELI","08A","Wetumpka Municipal Airport","false","1",,,"INST","091","Substantial","VMC","HAYNES AVIATION LLC","In work",,"Prelim","","https://data.ntsb.gov/carol-repgen/api/Aviation/ReportMain/GenerateNewestReport/201935/pdf"
"WPR26FA031","ACC","201913","2025-10-22T19:30:00Z","Ekalaka","Montana","United States",,"N67GA","0485","false","Aviation","",,,"Fatal","4","0","0","4",,,,,"45.758718999999999","-104.66092999999999","ROBINSON HELICOPTER CO","R66","HELI",,,"false","1",,,"PERS","091","Substantial","VMC",,"In work",,"Prelim","","https://data.ntsb.gov/carol-repgen/api/Aviation/ReportMain/GenerateNewestReport/201913/pdf"
"CEN26LA028","ACC","201914","2025-10-22T17:35:00Z","Hondo","Texas","United States",,"N17826","E-1036","false","Aviation","DirectorBrief","2026-01-15T05:00:00Z","2026-01-15T18:00:00Z","None","0","0","0","0","0","The pilot’s failure to extend the landing gear before landing due to distraction and his failure to conduct the Before Landing checklist.","Personnel issues - Action/decision - Action - Forgotten action/omission - Pilot, Personnel issues - Task performance - Use of equip/info - Use of equip/system - Pilot, Personnel issues - Task performance - Use of equip/info - Use of checklist - Pilot, Personnel issues - Psychological - Attention/monitoring - Attention - Pilot, Aircraft - Aircraft systems - Landing gear system - Gear extension and retract sys - Not used/operated",,"29.359131000000001","-99.177492000000001","BEECH","A36","AIR","HDO","South Texas Regional Airport","false","1","REC",,"PERS","091","Substantial","VMC",,"Completed",,"Final","https://data.ntsb.gov/Docket?ProjectID=201914","https://data.ntsb.gov/carol-repgen/api/Aviation/ReportMain/GenerateNewestReport/201914/pdf"
"GAA26WA012","ACC","201910","2025-10-22T04:00:00Z","San Cristóba","Other Foreign","Venezuela",,"YV1443",,"false","Aviation","","2026-01-11T05:00:00Z",,"Fatal","2","0","0","2","0",,,,,,"PIPER","PA31T","AIR",,,"false",,,,,"NUSN","Destroyed",,,"N/A",,"Final","","None"
"CEN26LA027","ACC","201908","2025-10-21T12:08:00Z","Springfield","Missouri","United States",,"N74583","3923","false","Aviation","",,,"Serious","0","2","0","2","0",,,,"37.220759999999999","-93.247713000000005","ROBINSON HELICOPTER","R22","HELI","3DW","DOWNTOWN","false","1",,,"INST","091","Substantial","VMC","So Fly Flight Training Academy, LLC","In work",,"Prelim","","https://data.ntsb.gov/carol-repgen/api/Aviation/ReportMain/GenerateNewestReport/201908/pdf"
"CEN26FA026","ACC","201903","2025-10-21T12:01:00Z","Carencro","Louisiana","United States",,"N16PV","TH-2144","false","Aviation","",,,"Fatal","3","0","0","3",,,,,"30.321154","-92.058723999999998","RAYTHEON AIRCRAFT COMPANY","G58","AIR",,,"false","2",,,"BUS","091","Destroyed","VMC","ALIGN AVIATION LLC","In work",,"Prelim","","https://data.ntsb.gov/carol-repgen/api/Aviation/ReportMain/GenerateNewestReport/201903/pdf"
"ERA26FA019","ACC","201906","2025-10-21T10:44:00Z","Ruston","Louisiana","United States",,"N42BE","3903","false","Aviation","",,,"Fatal","1","0","0","1","0",,,,"32.472805000000001","-92.572293999999999","CIRRUS","SR22","AIR","RSN","RUSTON RGNL","false","1",,,"PERS","091","Destroyed","IMC","LASALLE MANAGEMENT COMPANY LLC","In work",,"Prelim","","https://data.ntsb.gov/carol-repgen/api/Aviation/ReportMain/GenerateNewestReport/201906/pdf"
"DCA26WA020","INC","201931","2025-10-21T03:10:00Z","Bintulu",,"Malaysia",,"9M-MXR",,"false","Aviation","","2025-11-03T05:00:00Z",,"None","0","0","0","0",,,,,,,"BOEING","737","AIR",,,"false",,,,,"129","None",,"Malaysia Airlines","N/A",,"Final","","None"
"WPR26LA030","ACC","201912","2025-10-20T17:03:00Z","Long Beach","California","United States",,"N8183K","RAF-717","false","Aviation","",,,"Serious","0","2","0","1","1",,,,"33.830550000000002","-118.11232","RUTAN","Long-EZ","AIR","LGB","LONG BEACH (DAUGHERTY FLD)","false","1",,,"PERS","091","Substantial","VMC",,"In work",,"Prelim","","https://data.ntsb.gov/carol-repgen/api/Aviation/ReportMain/GenerateNewestReport/201912/pdf"
"DCA26WA017","ACC","201888","2025-10-20T04:53:00Z","Hong Kong",,"Hong Kong",,"TC-ACF",,"false","Aviation","",,,"Fatal","2","0","0","0","2",,,,"22.308889000000001","113.914444","BOEING","747","AIR","VHHH","Hong Kong International Airport","false","4",,"NSCH",,"NUSC","Substantial",,"Turkish AirACT","N/A",,"Prelim","","None"
"WPR26LA025","ACC","201898","2025-10-19T18:53:00Z","Queen Creek","Arizona","United States",,"N699PG","4636600","false","Aviation","DirectorBrief","2026-02-13T05:00:00Z","2026-02-12T18:00:00Z","None","0","0","0","0",,"The pilot’s improper runway alignment and failure to maintain clearance from powerlines. Contributing to the accident was sun glare, which obscured the pilot’s view of the runway.","Environmental issues - Conditions/weather/phenomena - Light condition - Glare - Effect on personnel, Personnel issues - Action/decision - Info processing/decision - Identification/recognition - Pilot, Environmental issues - Physical environment - Object/animal/substance - Wire - Ability to respond/compensate, Environmental issues - Physical environment - Object/animal/substance - Wire - Contributed to outcome",,"33.211973","-111.56307","PIPER AIRCRAFT INC","PA 46-350P","AIR",,,"false","1","TP",,"PERS","091","Substantial","VMC",,"Completed",,"Final","https://data.ntsb.gov/Docket?ProjectID=201898","https://data.ntsb.gov/carol-repgen/api/Aviation/ReportMain/GenerateNewestReport/201898/pdf"
"CEN26LA025","ACC","201892","2025-10-19T17:30:00Z","Eau Claire","Wisconsin","United States",,"N5865P","24-948","false","Aviation","DirectorBrief","2026-02-13T05:00:00Z","2026-02-12T18:00:00Z","None","0","0","0","0","0","The pilot’s failure to ensure that the landing gear was properly extended before landing. Contributing to the accident was the pilot’s unfamiliarity with the landing gear warning horn and failure to verify the gear was extended with the cockpit position indicators.","Personnel issues - Task performance - Use of equip/info - Use of equip/system - Pilot, Personnel issues - Psychological - Attention/monitoring - Monitoring equip/instruments - Pilot, Aircraft - Aircraft systems - Landing gear system - Gear extension and retract sys - Not used/operated",,"44.870182","-91.477273999999994","PIPER","PA-24-250","AIR","EAU","CHIPPEWA VALLEY RGNL","false","1","REC",,"PERS","091","Substantial","VMC",,"Completed",,"Final","https://data.ntsb.gov/Docket?ProjectID=201892","https://data.ntsb.gov/carol-repgen/api/Aviation/ReportMain/GenerateNewestReport/201892/pdf"
"CEN26FA023","ACC","201887","2025-10-19T16:31:00Z","Erie","Colorado","United States",,"N594TT","VL-3-521","false","Aviation","",,,"Fatal","2","0","0","2","0",,,,"40.008468999999998","-105.04688","JMB AIRCRAFT","VL-3LSA-912","AIR","EIK","ERIE MUNI","false","1",,,"INST","091","Substantial","VMC","Odyssey","In work",,"Prelim","","https://data.ntsb.gov/carol-repgen/api/Aviation/ReportMain/GenerateNewestReport/201887/pdf"
"GAA26WA023","ACC","201995","2025-10-18T15:05:00Z","Locarno","Other Foreign","Switzerland",,"HB-ZYZ","1205","false","Aviation","","2025-11-24T05:00:00Z",,"None","0","0","0","0","0",,,,"46.165300000000002","8.8778000000000006","GUIMBAL","CABRI","HELI","LSZL","Locarno Airport","false","1","REC",,"INST","NUSN","None",,"Swiss Helicopter AG","N/A",,"Final","","None"
"WPR26LA028","ACC","201901","2025-10-18T14:48:00Z","Phoenix","Arizona","United States",,"N4584N","24565","false","Aviation","",,,"None","0","0","0","0",,,,,"33.688305999999997","-112.08255","CESSNA","L-19E","AIR","DVT","PHOENIX DEER VALLEY","false","1",,,"PERS","091","Substantial",,"LEADING EDGE LLC","In work",,"Prelim","","https://data.ntsb.gov/carol-repgen/api/Aviation/ReportMain/GenerateNewestReport/201901/pdf"
"WPR26LA029","ACC","201904","2025-10-18T14:30:00Z","Kilgore","Idaho","United States",,"N98RW","KA 19012436","false","Aviation","DirectorBrief","2026-01-15T05:00:00Z","2026-01-15T18:00:00Z","None","0","0","0","0",,"The pilot's failure to maintain directional control during the takeoff. Contributing to the accident was the separation of the control stick grip.","Aircraft - Aircraft oper/perf/capability - Performance/control parameters - Directional control - Not attained/maintained, Personnel issues - Task performance - Use of equip/info - Aircraft control - Pilot, Aircraft - Aircraft systems - Flight control system - Control column section - Inadequate inspection",,"44.401333000000001","-111.88966000000001","RODERICK JAMES WILLMORE","KITFOX S7 SUPERSPORT","AIR","N/A",,"true","1","REC",,"PERS","091","Substantial","VMC",,"Completed",,"Final","https://data.ntsb.gov/Docket?ProjectID=201904","https://data.ntsb.gov/carol-repgen/api/Aviation/ReportMain/GenerateNewestReport/201904/pdf"
"GAA26WA053","ACC","202184","2025-10-18T04:00:00Z","Uljin","Other Foreign","Republic Of Korea",,"HL1172",,"false","Aviation","","2025-12-27T05:00:00Z",,"None","0","0","0","0","0",,,,,,"CESSNA","172","AIR",,,"false",,,,,"NUSN","Destroyed",,,"N/A",,"Final","","None"
"WPR26LA020","ACC","201889","2025-10-17T17:15:00Z","Condon","Montana","United States",,"N2345R","27-8154019","false","Aviation","",,,"Fatal","3","0","0","3",,,,,"47.240000000000002","-113.17","PIPER","PA-23-250","AIR",,,"false","2",,,"PERS","091","Substantial","IMC","BLUE WAVE AIR LLC","In work",,"Prelim","","https://data.ntsb.gov/carol-repgen/api/Aviation/ReportMain/GenerateNewestReport/201889/pdf"
"WPR26LA024","ACC","201897","2025-10-17T15:10:00Z","Paris","Idaho","United States",,"N1755A","18-1314","false","Aviation","DirectorBrief","2026-01-09T05:00:00Z","2026-01-09T19:00:00Z","None","0","0","0","0","0","The pilot receiving instruction’s failure to maintain directional control during landing and the flight instructor’s delayed remedial action, which resulted in a runway excursion.","Personnel issues - Task performance - Use of equip/info - Aircraft control - Student/instructed pilot, Personnel issues - Action/decision - Action - Incorrect action performance - Student/instructed pilot, Personnel issues - Action/decision - Action - Delayed action - Instructor/check pilot",,"42.249833000000002","-111.34166","PIPER","PA-18","AIR","1U7","BEAR LAKE COUNTY","false","1","REC",,"INST","091","Substantial","VMC",,"Completed",,"Final","https://data.ntsb.gov/Docket?ProjectID=201897","https://data.ntsb.gov/carol-repgen/api/Aviation/ReportMain/GenerateNewestReport/201897/pdf"
"WPR26LA022","ACC","201895","2025-10-17T14:20:00Z","Casa Grande","Arizona","United States",,"N531CT","06-12-11","false","Aviation","",,,"Minor","0","0","1","1","0",,,,"32.994999999999997","-111.767","Flight Design GMBH","CTSW","AIR","CGZ","Casa Grande Municipal","false","1",,,"PERS","091","Substantial","VMC",,"In work",,"Prelim","","https://data.ntsb.gov/carol-repgen/api/Aviation/ReportMain/GenerateNewestReport/201895/pdf"
"CEN26FA022","ACC","201880","2025-10-17T12:54:00Z","Spruce Pine","North Carolina","United States",,"N8610X","004","false","Aviation","",,,"Fatal","1","0","0","1","0",,,,"35.941378999999998","-81.993969000000007","KITFOX","II","AIR","7A8","AVERY COUNTY/MORRISON FLD","true","1",,,"PERS","091","Destroyed","VMC",,"In work",,"Prelim","","https://data.ntsb.gov/carol-repgen/api/Aviation/ReportMain/GenerateNewestReport/201880/pdf"
"CEN26LA024","ACC","201891","2025-10-17T10:21:00Z","McKinney","Texas","United States",,"N3545W","83926","false","Aviation","",,,"Serious","0","1","0","1","0",,,,"33.208404999999999","-96.742236000000005","VANS","RV8","AIR","52F",,"true","1",,,"PERS","091","Substantial",,,"In work",,"Prelim","","https://data.ntsb.gov/carol-repgen/api/Aviation/ReportMain/GenerateNewestReport/201891/pdf"
"GAA26WA011","ACC","201893","2025-10-17T04:00:00Z","Morona Santiago","Other Foreign","Ecuador",,"HC-BCV",,"false","Aviation","","2025-10-25T04:00:00Z",,"None","0","0","0","0","0",,,,,,"CESSNA","172","AIR",,,"false",,,,,"NUSC","Substantial",,,"N/A",,"Final","","None"
"ERA26LA018","ACC","201875","2025-10-16T18:40:00Z","Cynthiana","Kentucky","United States",,"N159RJ","17702038","false","Aviation","",,,"Serious","0","1","1","2","0",,,,"38.378827999999999","-84.261484999999993","CESSNA","177","AIR",,,"false","1",,,"PERS","091","Substantial","VMC",,"In work",,"Prelim","","https://data.ntsb.gov/carol-repgen/api/Aviation/ReportMain/GenerateNewestReport/201875/pdf"
"ANC26FA002","ACC","201878","2025-10-16T18:28:00Z","Bath","Michigan","United States",,"XA-JMR","258530","false","Aviation","",,,"Fatal","3","0","0","3","0",,,,"42.808700000000002","-84.390000000000001","RAYTHEON","Hawker 800XP","AIR",,,"false","2",,,"BUS","091","Destroyed","VMC","Aerolineas del Centro","In work",,"Prelim","","https://data.ntsb.gov/carol-repgen/api/Aviation/ReportMain/GenerateNewestReport/201878/pdf"
"DCA26LA012","ACC","201877","2025-10-16T07:43:00Z","Moab","Utah","United States",,"N17327","67582","false","Aviation","",,,"Minor","0","0","1","1","0",,,,"38.595486000000001","-109.25594","BOEING","737","AIR",,,"false","2",,"SCHD",,"121","Substantial","VMC","United Air Lines","In work",,"Prelim","","https://data.ntsb.gov/carol-repgen/api/Aviation/ReportMain/GenerateNewestReport/201877/pdf"
"CEN26LA020","ACC","201865","2025-10-15T15:57:00Z","Reserve","Louisiana","United States",,"N82016","18-7909052","false","Aviation","DirectorBrief","2026-01-09T05:00:00Z","2026-01-09T19:00:00Z","None","0","0","0","0","0","The pilot’s inadvertent application of the wheel brakes after touchdown.","Aircraft - Aircraft oper/perf/capability - Aircraft capability - Braking capability - Incorrect use/operation",,"30.083345999999999","-90.581564","PIPER","PA18","AIR","APS","PORT OF SOUTH LOUISIANA EXEC RGNL","false","1","REC",,"PERS","091","Substantial","VMC",,"Completed",,"Final","https://data.ntsb.gov/Docket?ProjectID=201865","https://data.ntsb.gov/carol-repgen/api/Aviation/ReportMain/GenerateNewestReport/201865/pdf"
"WPR26FA019","ACC","201879","2025-10-15T15:47:00Z","Austin","Nevada","United States",,"CFETM","D9029","false","Aviation","",,,"Fatal","1","0","0","1",,,,,"39.705981000000001","-116.95188","BEECH","V35","AIR",,,"false","1",,,"PERS","091","Substantial","IMC",,"In work",,"Prelim","","https://data.ntsb.gov/carol-repgen/api/Aviation/ReportMain/GenerateNewestReport/201879/pdf"
"CEN26LA021","ACC","201870","2025-10-15T15:15:00Z","Tulsa","Oklahoma","United States",,"N2130W","M-1505","false","Aviation","DirectorBrief","2026-01-15T05:00:00Z","2026-01-15T18:00:00Z","None","0","0","0","0","0","The pilot’s improper landing flare which resulted in a hard bounced landing.","Personnel issues - Task performance - Use of equip/info - Aircraft control - Pilot, Aircraft - Aircraft systems - Landing gear system - Nose/tail landing gear - Damaged/degraded",,"36.039999999999999","-95.989999999999995","BEECH","C23","AIR","KRVS","Tulsa Riverside Airport","false","1","REC",,"PERS","091","Substantial","VMC",,"Completed",,"Final","https://data.ntsb.gov/Docket?ProjectID=201870","https://data.ntsb.gov/carol-repgen/api/Aviation/ReportMain/GenerateNewestReport/201870/pdf"
"DCA26WA056","INC","202116","2025-10-15T13:45:00Z","Buenos Aires","Other Foreign","Argentina",,"LV-FSK",,"false","Aviation","",,,"None","0","0","0","0","0",,,,,,"BOEING","737",,,,"false",,,"SCHD",,"NUSC",,,"Aerolineas Argentinas","N/A",,,"","None"
"WPR26LA023","ACC","201896","2025-10-15T12:06:00Z","Big Sur","California","United States",,"N335AX","41H-697458","false","Aviation","DirectorBrief","2026-01-15T05:00:00Z","2026-01-15T18:00:00Z","Minor","0","0","1","1",,"A complete loss of engine power for reasons that could not be determined.","Not determined - Not determined - (general) - (general) - Unknown/Not determined",,"36.180833","-121.90916","HAWKER AIRCRAFT LTD","HAWKER HUNTER MK.58","AIR","KMRY","Monterey Regional Airport","false","1","TJ",,"PUBF","ARMF","Substantial","VMC","AIRBORNE TACTICAL ADVANTAGE CO","Completed",,"Final","https://data.ntsb.gov/Docket?ProjectID=201896","https://data.ntsb.gov/carol-repgen/api/Aviation/ReportMain/GenerateNewestReport/201896/pdf"
"ENG26WA003","INC","201909","2025-10-15T04:00:00Z","RIO DE JANEIRO",,"Brazil",,"PR-BGM",,"false","Aviation","",,,"None","0","0","0","0",,,,,,,"SIKORSKY","S92",,,,"false",,,,,,,,,"N/A",,,"","None"
"GAA26WA010","ACC","201862","2025-10-14T19:20:00Z","Tecpan",,"Guatemala",,"TG-DJE",,"false","Aviation","","2025-10-23T04:00:00Z",,"Fatal","3","0","0","3","0",,,,,,"CESSNA","TU206","AIR",,,"false","1",,,,"NUSN","Substantial",,,"N/A",,"Final","","None"
"GAA26WA018","ACC","201952","2025-10-14T17:15:00Z","Colombo","Other Foreign","Brazil",,"PR-PNB","4216","false","Aviation","","2025-11-06T05:00:00Z",,"None","0","0","0","0",,,,,"-25.381944000000001","-49.138055999999999","ROBINSON","R22","HELI",,,"false","1","REC",,"INST","NUSN","Substantial",,"ESCOLA DE AVIAÇÃO CIVIL ASAS ROTATIVAS LTDAb","N/A",,"Final","","None"
"WPR26LA026","ACC","201899","2025-10-14T11:30:00Z","Arlington","Washington","United States",,"N300EX","011","false","Aviation","",,,"None","0","0","0","0",,,,,"48.168486000000001","-122.15942","EXTRA FLUGZEUGBAU GMBH","EA 300/L","AIR","AWO","ARLINGTON MUNI","false","1",,,"INST","091","Substantial","VMC","SCOTT GORSKI AVIATION AEROBATICS LLC","In work",,"Prelim","","https://data.ntsb.gov/carol-repgen/api/Aviation/ReportMain/GenerateNewestReport/201899/pdf"
"ERA26LA017","ACC","201866","2025-10-13T18:10:00Z","Gaffney","South Carolina","United States",,"UNREG",,"false","Aviation","",,,"Serious","0","1","1","2",,,,,"35.033332999999999","-81.700000000000003","Tricks Trike","Storm","UNK",,,"false","1",,,"PERS","091","Substantial","VMC",,"In work",,"Prelim","","https://data.ntsb.gov/carol-repgen/api/Aviation/ReportMain/GenerateNewestReport/201866/pdf"
"ERA26LA014","ACC","201849","2025-10-13T17:30:00Z","North Lauderdale","Florida","United States",,"N1206U","172S10417","false","Aviation","",,,"None","0","0","0","0","0",,,,"26.229842999999999","-80.238646000000003","CESSNA","172","AIR","FXE",,"false","1",,,"INST","091","Substantial","VMC","FXE FLIGHTCENTER CORP","In work",,"Prelim","","https://data.ntsb.gov/carol-repgen/api/Aviation/ReportMain/GenerateNewestReport/201849/pdf"
"CEN26LA016","ACC","201838","2025-10-13T13:29:00Z","Valley View","Texas","United States",,"N162AD","001","false","Aviation","",,,"None","0","0","0","0",,,,,"33.493609999999997","-97.164439999999999","ROTORWAY","AG162","HELI",,,"true","1",,,"PERS","091","Substantial","VMC",,"In work",,"Prelim","","https://data.ntsb.gov/carol-repgen/api/Aviation/ReportMain/GenerateNewestReport/201838/pdf"
"ERA26LA020","ACC","201907","2025-10-13T13:15:00Z","Canon","Georgia","United States",,"N1882V","14062","false","Aviation","DirectorBrief","2025-12-11T05:00:00Z","2025-12-11T18:00:00Z","None","0","0","0","0","0","The pilot’s inadvertent application of brakes during the landing roll, which resulted in a noseover.","Aircraft - Aircraft systems - Landing gear system - Brake - Incorrect use/operation, Personnel issues - Task performance - Use of equip/info - Aircraft control - Pilot",,"34.340361000000001","-83.130806000000007","CESSNA","140","AIR","18A","FRANKLIN-HART","false","1","REC",,"INST","091","Substantial","VMC",,"Completed",,"Final","https://data.ntsb.gov/Docket?ProjectID=201907","https://data.ntsb.gov/carol-repgen/api/Aviation/ReportMain/GenerateNewestReport/201907/pdf"
"ERA26FA011","ACC","201836","2025-10-13T09:15:00Z","Dartmouth","Massachusetts","United States",,"N111RF","259","false","Aviation","",,,"Fatal","2","0","1","2","1",,,,"41.657657999999998","-71.034090000000006","SOCATA","TBM 700","AIR",,,"false","1",,,"PERS","091","Substantial","IMC",,"In work",,"Prelim","","https://data.ntsb.gov/carol-repgen/api/Aviation/ReportMain/GenerateNewestReport/201836/pdf"
"DCA26WA010","INC","201871","2025-10-13T02:46:00Z","Ezeiza","Other Foreign","Argentina",,"HP-3610DAE",,"false","Aviation","","2025-11-03T05:00:00Z",,"None","0","0","0","0","0",,,,"-34.822221999999996","-58.535832999999997","BOEING","767","AIR","SAEZ","Aeropuerto Internacional Ministro Pistarini (","false","2",,"NSCH",,"NUSC","None",,"DHL International","N/A",,"Final","","None"
"WPR26LA016","ACC","201846","2025-10-12T15:35:00Z","Olympia","Washington","United States",,"N35S","D-7481","false","Aviation","DirectorBrief","2025-12-04T05:00:00Z","2025-12-04T18:00:00Z","None","0","0","0","0","0","The pilot’s inadvertent retraction of the landing gear after landing.","Personnel issues - Task performance - Use of equip/info - Use of equip/system - Pilot, Personnel issues - Action/decision - Action - Incorrect action performance - Pilot",,"46.969000000000001","-122.90300000000001","BEECH","S35","AIR","OLM","Olympia Regional Airport","false","1","REC",,"PERS","091","Substantial","VMC",,"Completed",,"Final","https://data.ntsb.gov/Docket?ProjectID=201846","https://data.ntsb.gov/carol-repgen/api/Aviation/ReportMain/GenerateNewestReport/201846/pdf"
"ERA26FA010","ACC","201835","2025-10-12T14:34:00Z","Fort Worth","Texas","United States",,"N291CC","LJ-728","false","Aviation","",,,"Fatal","2","0","0","2","0",,,,"32.957191999999999","-97.423095000000004","BEECH","C90","AIR","T67","Hicks Airfield","false","2",,,"PERS","091","Destroyed","VMC",,"In work",,"Prelim","","https://data.ntsb.gov/carol-repgen/api/Aviation/ReportMain/GenerateNewestReport/201835/pdf"
"CEN26LA017","ACC","201839","2025-10-12T12:00:00Z","Springfield","Colorado","United States",,"N319WD","06170073","false","Aviation","DirectorBrief","2026-03-13T04:00:00Z","2026-03-13T17:00:00Z","None","0","0","0","0",,"The pilot's failure to maintain directional control during the takeoff with a right crosswind.","Personnel issues - Task performance - Use of equip/info - Aircraft control - Pilot, Aircraft - Aircraft oper/perf/capability - Performance/control parameters - Directional control - Not attained/maintained, Environmental issues - Conditions/weather/phenomena - Wind - Crosswind - Effect on operation",,"37.459290000000003","-102.61821999999999","RANS","S20","AIR","8V7","Springfield Muni","true","1","REC",,"PERS","091","Substantial","VMC",,"Completed",,"Final","https://data.ntsb.gov/Docket?ProjectID=201839","https://data.ntsb.gov/carol-repgen/api/Aviation/ReportMain/GenerateNewestReport/201839/pdf"
"DCA26WA007","ACC","201867","2025-10-12T09:50:00Z","Balice","Other Foreign","Poland",,"EI-ILN","67064","false","Aviation","","2025-11-03T05:00:00Z",,"Serious","0","1","0","1","0",,,,"50.077778000000002","19.784721999999999","BOEING","737","AIR","EPKK","Kraków John Paul II International Airport","false","2",,"SCHD",,"NUSC","None",,"Ryanair","N/A",,"Final","","None"
"CEN26LA018","ACC","201840","2025-10-11T17:17:00Z","Wallis","Texas","United States",,"N137SS","1348","false","Aviation","DirectorBrief","2026-02-13T05:00:00Z","2026-02-12T18:00:00Z","None","0","0","0","0",,"The pilot’s failure to maintain control during landing roll that resulted in an impact with terrain.","Aircraft - Aircraft oper/perf/capability - Performance/control parameters - (general) - Not attained/maintained",,"29.630600000000001","-96.062799999999996","BURKHART GROB FLUGZEUGBAU","G102 ASTIR CS","GLI","TE71","GHSA-Wallis Glideport","false","0",,,"PERS","091","Substantial","VMC","Pilot","Completed",,"Final","https://data.ntsb.gov/Docket?ProjectID=201840","https://data.ntsb.gov/carol-repgen/api/Aviation/ReportMain/GenerateNewestReport/201840/pdf"
"ERA26LA021","ACC","201911","2025-10-11T16:00:00Z","Plymouth","Connecticut","United States",,"N2812N","13073","false","Aviation","DirectorBrief","2025-12-18T05:00:00Z","2025-12-18T18:00:00Z","None","0","0","0","0","0","The plot’s failure to account sufficiently for the decrease in the airplane’s takeoff performance due to the wet turf runway, which resulted in a collision with a log barrier and subsequent nose over after aborting the takeoff.","Personnel issues - Action/decision - Info processing/decision - Decision making/judgment - Pilot, Environmental issues - Physical environment - Runway/land/takeoff/taxi surface - Wet surface - Decision related to condition",,"41.632922000000001","-73.048308000000006","CESSNA","140","AIR","N41","MOUNT TOBE","false","1","REC",,"PERS","091","Substantial","VMC",,"Completed",,"Final","https://data.ntsb.gov/Docket?ProjectID=201911","https://data.ntsb.gov/carol-repgen/api/Aviation/ReportMain/GenerateNewestReport/201911/pdf"
"CEN26FA015","ACC","201834","2025-10-11T15:01:00Z","Huntington Beach","California","United States",,"N222EX","47043","false","Aviation","",,,"Serious","0","3","2","2","3",,,,"33.650627999999998","-117.99198","BELL","222","HELI",,,"false","2",,,"PERS","091","Substantial","VMC",,"In work",,"Prelim","","https://data.ntsb.gov/carol-repgen/api/Aviation/ReportMain/GenerateNewestReport/201834/pdf"
"GAA26WA006","ACC","201850","2025-10-11T11:20:00Z","Shell Harbor",,"Australia",,"VH-JVA",,"false","Aviation","","2026-01-23T05:00:00Z",,"Fatal","3","0","0","3",,,,,"-34.562460000000002","150.78791100000001","PIPER","PA32","AIR","YSHL",,"false","1",,,,"UNK","Destroyed",,,"N/A",,"Prelim","","None"
"ERA26LA012","ACC","201843","2025-10-10T21:15:00Z","Sandersville","Georgia","United States",,"N4390L","17254471","false","Aviation","",,,"Minor","0","0","1","1",,,,,"32.973410999999999","-82.856064000000003","CESSNA","172","AIR","OKZ","KAOLIN FLD","false","1",,,"POSI","091","Substantial","VMC","AERO SCIENCE INTERNATIONAL LLC","In work",,"Prelim","","https://data.ntsb.gov/carol-repgen/api/Aviation/ReportMain/GenerateNewestReport/201843/pdf"
"ERA26LA015","ACC","201856","2025-10-10T20:45:00Z","New Milford","Connecticut","United States",,"N28170","1157","false","Aviation","DirectorBrief","2025-12-11T05:00:00Z","2025-12-11T18:00:00Z","None","0","0","0","0",,"The pilot’s decision to depart from an unlit turf runway at night, which resulted in a loss of directional control, and subsequent runway excursion.","Personnel issues - Action/decision - Info processing/decision - Decision making/judgment - Pilot, Environmental issues - Conditions/weather/phenomena - Light condition - Dark - Decision related to condition, Environmental issues - Operating environment - Airport facilities/design - Airport lighting - Decision related to condition",,"41.569750999999997","-73.461920000000006","SOCATA","TB 10","AIR","11N","CANDLELIGHT FARMS","false","1","REC",,"PERS","091","Substantial","VMC",,"Completed",,"Final","https://data.ntsb.gov/Docket?ProjectID=201856","https://data.ntsb.gov/carol-repgen/api/Aviation/ReportMain/GenerateNewestReport/201856/pdf"
"CEN26LA019","ACC","201859","2025-10-10T19:45:00Z","Bonilla","South Dakota","United States",,"N53853","908-76","false","Aviation","DirectorBrief","2026-01-15T05:00:00Z","2026-01-15T18:00:00Z","None","0","0","0","0","0","The pilot’s inadequate flight planning and his failure to maintain aircraft control during the precautionary off-airport landing.","Personnel issues - Task performance - Planning/preparation - Flight planning/navigation - Pilot, Environmental issues - Conditions/weather/phenomena - Light condition - (general) - Decision related to condition, Personnel issues - Task performance - Use of equip/info - Aircraft control - Pilot, Environmental issues - Physical environment - Terrain - Rough terrain - Effect on operation",,"44.562440000000002","-98.467079999999996","BELLANCA","7GCBC","AIR","NA","NA","false","1","REC",,"PERS","091","Substantial","VMC",,"Completed",,"Final","https://data.ntsb.gov/Docket?ProjectID=201859","https://data.ntsb.gov/carol-repgen/api/Aviation/ReportMain/GenerateNewestReport/201859/pdf"
"DCA26WA004","INC","201854","2025-10-10T19:30:00Z","Nassau","Other Foreign","Bahamas",,"G-VIIG",,"false","Aviation","","2025-11-03T05:00:00Z",,,"0","0","0",,"0",,,,"25.045601999999999","-77.354247000000001","BOEING","777","AIR",,,"false","2",,"SCHD",,"NUSC","Unknown",,"British Airways Plc","N/A",,"Final","","None"
"WPR26LA017","ACC","201847","2025-10-10T13:37:00Z","Phoenix","Arizona","United States",,"N5806T","185-0706","false","Aviation","DirectorBrief","2025-12-04T05:00:00Z","2025-12-04T18:00:00Z","None","0","0","0","0",,"The pilot's failure to maintain directional control during the landing roll with a left crosswind.","Personnel issues - Task performance - Use of equip/info - Aircraft control - Pilot, Aircraft - Aircraft oper/perf/capability - Performance/control parameters - Directional control - Not attained/maintained, Environmental issues - Conditions/weather/phenomena - Wind - Crosswind - Effect on operation",,"33.689532","-112.08378999999999","CESSNA","185C","AIR","DVT","Phoenix Deer Valley Airport","false","1","REC",,"PERS","091","Substantial","VMC",,"Completed",,"Final","https://data.ntsb.gov/Docket?ProjectID=201847","https://data.ntsb.gov/carol-repgen/api/Aviation/ReportMain/GenerateNewestReport/201847/pdf"
"GAA26WA008","ACC","201852","2025-10-10T13:15:00Z","Pilanesberg",,"South Africa",,"ZS-FTS",,"false","Aviation","","2026-03-19T04:00:00Z",,"Fatal","1","1","0","2",,,,,"-25.3355","27.171666999999999","PIPER","PA28","AIR","FAPN","Pilanesberg International Airport","false","1",,,,"NUSN","Destroyed",,"Vulcan Aviation","N/A",,"Final","","None"
"GAA26WA007","ACC","201851","2025-10-10T00:20:00Z","Rutland Plains",,"Australia",,"VH-LYD",,"false","Aviation","","2026-01-28T05:00:00Z",,"Fatal","1","0","0","1",,,,,"-15.698","141.846","ROBINSON","R22","HELI",,,"false","1",,,,"NUSC","Destroyed",,,"N/A",,"Final","","None"
"GAA26WA054","ACC","202188","2025-10-09T22:10:00Z","Rafaela","Other Foreign","Argentina",,"LV-ASL",,"false","Aviation","","2025-12-27T05:00:00Z",,"None","0","0","0","0","0",,,,,,"CESSNA","185","AIR",,,"false",,,"NSCH",,"NUSN","Substantial",,,"N/A",,"Final","","None"
"DCA26WA011","INC","201872","2025-10-09T19:41:00Z","Ochiltree",,"United Kingdom",,"G-DHLS","42213","false","Aviation","",,,"None","0","0","0","0",,,,,"55.459344999999999","-4.3405300000000002","BOEING","767","AIR",,,"false","2",,"SCHD",,"129","None",,"DHL","N/A",,"Prelim","","None"
"WPR26LA018","ACC","201848","2025-10-09T15:30:00Z","Imnaha","Oregon","United States",,"N249MD","18051501","false","Aviation","DirectorBrief","2026-01-09T05:00:00Z","2026-01-09T19:00:00Z","Minor","0","0","1","1",,"The pilot’s continued application of brakes during an aborted takeoff in a tailwind on down-sloping terrain, which resulted in a nose-over.","Personnel issues - Action/decision - Info processing/decision - Identification/recognition - Pilot, Aircraft - Aircraft systems - Landing gear system - Brake - Incorrect use/operation, Environmental issues - Conditions/weather/phenomena - Wind - Tailwind - Contributed to outcome, Environmental issues - Physical environment - Terrain - Sloped/uneven terrain - Contributed to outcome",,"45.667923999999999","-116.61879999999999","CESSNA","180","AIR","OR9","Lord Flat USFS Airport","false","1","REC","NSCH","PERS","091","Substantial","VMC",,"Completed",,"Final","https://data.ntsb.gov/Docket?ProjectID=201848","https://data.ntsb.gov/carol-repgen/api/Aviation/ReportMain/GenerateNewestReport/201848/pdf"
"GAA25WA278","ACC","201965","2025-10-09T10:00:00Z","Sakwai",,"India",,"VT-DEJ",,"false","Aviation","","2026-01-23T05:00:00Z",,,,,,,,,,,"27.316668","79.453622999999993","Beechraft","C90A","AIR",,"Farrukhabad","false",,,,,"UNK","Substantial",,"M/s Jet Service Pvt. Ltd","N/A",,"Final","","None"
"ENG26WA001","INC","201841","2025-10-08T22:20:00Z","Adelaide Aerodrome",,"Australia",,"VH-ZPN",,"false","Aviation","",,,,,,,,,,,,,,"SAAB","340","AIR",,,"false",,,,,"121","Minor",,"REX Regional Express","N/A",,"Prelim","","None"
"GAA26WA005","ACC","201833","2025-10-08T08:20:00Z","Horn Island",,"Australia",,"VH-XSO",,"false","Aviation","","2026-01-14T05:00:00Z",,,,,,,,,,,,,"ROBINSON","R44","HELI",,,"false",,,,,"NUSN","Substantial",,,"N/A",,"Final","","None"
"WPR26LA012","ACC","201822","2025-10-07T19:25:00Z","Vineyard","Utah","United States",,"N7946P","24-3182","false","Aviation","",,,"None","0","0","0","0",,,,,"40.293999999999997","-111.76204","PIPER","PA24","AIR",,,"false","1",,,"PERS","091","Substantial",,,"In work",,"Prelim","","https://data.ntsb.gov/carol-repgen/api/Aviation/ReportMain/GenerateNewestReport/201822/pdf"
"ANC26LA001","ACC","201826","2025-10-07T15:56:00Z","Petersburg","Alaska","United States",,"N80628","17269062","false","Aviation","",,,"None","0","0","0","0",,,,,"56.923233000000003","-133.30215000000001","CESSNA","172N","AIR",,,"false","1",,,"INST","091","Substantial","VMC",,"In work",,"Prelim","","https://data.ntsb.gov/carol-repgen/api/Aviation/ReportMain/GenerateNewestReport/201826/pdf"
"ERA26LA007","ACC","201814","2025-10-07T15:50:00Z","Miami","Florida","United States",,"N433PT","17263088","false","Aviation","",,,"Minor","0","0","1","1","0",,,,"25.643439000000001","-80.659485000000004","CESSNA","172","AIR",,,"false","1",,,"INST","091","Substantial","VMC","PILOT TRAINING CENTER LLC","In work",,"Prelim","","https://data.ntsb.gov/carol-repgen/api/Aviation/ReportMain/GenerateNewestReport/201814/pdf"
"WPR26LA009","ACC","201812","2025-10-07T14:00:00Z","Watsonville","California","United States",,"N6814N","680111","false","Aviation","DirectorBrief","2025-11-20T05:00:00Z","2025-11-20T18:00:00Z","None","0","0","0","0",,"The pilot’s decision to program avionics during taxi, resulting in an inadvertent throttle input and collision with a hangar.","Aircraft - Aircraft handling/service - Towing and taxiing - Taxiing - Incorrect use/operation, Personnel issues - Action/decision - Info processing/decision - Decision making/judgment - Pilot, Personnel issues - Psychological - Attention/monitoring - Monitoring environment - Pilot, Aircraft - Aircraft oper/perf/capability - Performance/control parameters - Powerplant parameters - Incorrect use/operation",,"36.935732999999999","-121.78963","MOONEY","M20C","AIR","WVI","WATSONVILLE MUNI","false","1","REC",,"PERS","091","Substantial","VMC",,"Completed",,"Final","https://data.ntsb.gov/Docket?ProjectID=201812","https://data.ntsb.gov/carol-repgen/api/Aviation/ReportMain/GenerateNewestReport/201812/pdf"
"CEN26FA012","ACC","201811","2025-10-07T13:23:00Z","Skidmore","Texas","United States",,"N577B","D-1596","false","Aviation","",,,"Fatal","1","0","0","1",,,,,"28.306531","-97.711589000000004","BEECH","A35","AIR","BEA","BEEVILLE MUNI","false","1",,,"PERS","091","Destroyed","Unknown",,"In work",,"Prelim","","https://data.ntsb.gov/carol-repgen/api/Aviation/ReportMain/GenerateNewestReport/201811/pdf"
"ERA26LA008","ACC","201815","2025-10-07T12:30:00Z","East Rockingham","North Carolina","United States",,"N63BC","637","false","Aviation","DirectorBrief","2025-12-11T05:00:00Z","2025-12-11T18:00:00Z","None","0","0","0","0",,"The pilot’s failure to maintain control of the airplane during initial climb, resulting in an aerodynamic stall and impact with terrain.","Personnel issues - Task performance - Use of equip/info - Aircraft control - Pilot, Aircraft - Aircraft oper/perf/capability - Performance/control parameters - Angle of attack - Capability exceeded",,"34.890374999999999","-79.758469000000005","CHAMPION","7ECA","AIR","RCZ","RICHMOND COUNTY","false","1","REC",,"PERS","091","Substantial","VMC",,"Completed",,"Final","https://data.ntsb.gov/Docket?ProjectID=201815","https://data.ntsb.gov/carol-repgen/api/Aviation/ReportMain/GenerateNewestReport/201815/pdf"
"GAA26WA009","ACC","201853","2025-10-07T04:00:00Z","Squamish","Other Foreign","Canada",,"C-FBBT",,"false","Aviation","",,,"Serious","0","1","0","1",,,,,"116.139","-154.73500000000001","BELL","214B-1","HELI",,,"false",,,,,"NUSN","Substantial",,,"N/A",,"Prelim","","None"
"ENG26WA002","ACC","201902","2025-10-07T04:00:00Z","San Ramón de la Nueva Orán",,"Argentina",,"LV-WZM",,"false","Aviation","","2025-12-09T05:00:00Z",,,,,,,,,,,,,"THRUSH","S2R","AIR",,,"false",,,,,"NUSN","Unknown",,,"N/A",,"Final","","None"
"WPR26FA008","ACC","201802","2025-10-06T20:05:00Z","Sacramento","California","United States",,"N414RX","8909","false","Aviation","",,,"Fatal","1","2","0","3",,,,,"38.558523999999998","-121.45247999999999","AIRBUS HELICOPTERS","EC 130 T2","HELI",,,"false","1",,"NSCH",,"135","Substantial","VMC","REACH AIR MEDICAL SERVICES LLC","In work",,"Prelim","","https://data.ntsb.gov/carol-repgen/api/Aviation/ReportMain/GenerateNewestReport/201802/pdf"
"CEN26FA010","ACC","201799","2025-10-06T16:14:00Z","Parkin","Arkansas","United States",,"N9627X","21057927","false","Aviation","",,,"Fatal","3","0","0","3","0",,,,"35.159447","-90.599422000000004","CESSNA","210B","AIR",,"N/A","false","1",,,"PERS","091","Destroyed","IMC",,"In work",,"Prelim","","https://data.ntsb.gov/carol-repgen/api/Aviation/ReportMain/GenerateNewestReport/201799/pdf"
"ERA26LA004","ACC","201808","2025-10-06T15:15:00Z","Mount Washington","Kentucky","United States",,"C-FAZJ","RA1933","false","Aviation","",,,"None","0","0","0","0","0",,,,"38.048554000000003","-85.548259999999999","PITTS","S1C","AIR",,,"false","1",,,"FERY","091","Substantial","VMC",,"In work",,"Prelim","","https://data.ntsb.gov/carol-repgen/api/Aviation/ReportMain/GenerateNewestReport/201808/pdf"
"ERA26LA003","ACC","201785","2025-10-06T11:47:00Z","West Milford","New Jersey","United States",,"N677DM","172S9661","false","Aviation","DirectorBrief","2025-12-04T05:00:00Z","2025-12-04T18:00:00Z","Minor","0","0","2","2","0","The pilot’s failure to adequate clearance from obstacles while maneuvering during the landing approach and the instructor pilot’s delayed remedial action, which resulted in the airplane contacting a tree and terrain.","Aircraft - Aircraft oper/perf/capability - Performance/control parameters - Descent/approach/glide path - Not attained/maintained, Personnel issues - Action/decision - Action - Delayed action - Instructor/check pilot, Personnel issues - Action/decision - Info processing/decision - Decision making/judgment - Pilot",,"41.131388999999999","-74.341849999999994","CESSNA","172","AIR","4N1","GREENWOOD LAKE","false","1","REC",,"INST","091","Substantial","VMC","AIR FLEET TRAINING SYSTEMS INC","Completed",,"Final","https://data.ntsb.gov/Docket?ProjectID=201785","https://data.ntsb.gov/carol-repgen/api/Aviation/ReportMain/GenerateNewestReport/201785/pdf"
"WPR26LA021","ACC","201894","2025-10-06T10:10:00Z","Albuquerque","New Mexico","United States",,"N5315M","RX8-3355","false","Aviation","DirectorBrief","2025-12-11T05:00:00Z","2025-12-11T18:00:00Z","None","0","0","0","0",,"The pilot's failure to maintain clearance from a power line during a descent for landing.","Aircraft - Aircraft oper/perf/capability - Performance/control parameters - Descent rate - Not attained/maintained, Environmental issues - Physical environment - Object/animal/substance - Wire - Response/compensation, Personnel issues - Task performance - Use of equip/info - Aircraft control - Pilot",,"35.073255000000003","-106.71061","AEROSTAR INTERNATIONAL INC","RX 8","BALL",,,"false","0","NONE",,"PERS","091","Substantial","VMC",,"Completed",,"Final","https://data.ntsb.gov/Docket?ProjectID=201894","https://data.ntsb.gov/carol-repgen/api/Aviation/ReportMain/GenerateNewestReport/201894/pdf"
"WPR26LA007","ACC","201801","2025-10-05T19:10:00Z","Gila Bend","Arizona","United States",,"N8678Y","30-1822","false","Aviation","DirectorBrief","2026-02-13T05:00:00Z","2026-02-12T18:00:00Z","None","0","0","0","0",,"The pilot’s improper throttle input and failure to maintain aircraft control during landing.","Aircraft - Aircraft oper/perf/capability - Performance/control parameters - Powerplant parameters - Incorrect use/operation, Personnel issues - Action/decision - Info processing/decision - Identification/recognition - Pilot, Personnel issues - Task performance - Use of equip/info - Aircraft control - Pilot, Personnel issues - Task performance - Use of equip/info - Use of equip/system - Pilot",,"32.964131999999999","-112.66978","PIPER","PA-30","AIR","E63","Gila Bend Municipal Airport","false","2","REC",,"PERS","091","Substantial","VMC",,"Completed",,"Final","https://data.ntsb.gov/Docket?ProjectID=201801","https://data.ntsb.gov/carol-repgen/api/Aviation/ReportMain/GenerateNewestReport/201801/pdf"
"CEN26FA005","ACC","201781","2025-10-05T17:10:00Z","Williston","Florida","United States",,"N121GJ","TJ-62","false","Aviation","",,,"Fatal","3","0","0","3","0",,,,"29.369610000000002","-82.503829999999994","BEECH","58P","AIR","X60","WILLISTON RGNL","false","2",,,"PERS","091","Destroyed","VMC",,"In work",,"Prelim","","https://data.ntsb.gov/carol-repgen/api/Aviation/ReportMain/GenerateNewestReport/201781/pdf"
"WPR26LA010","ACC","201816","2025-10-05T16:57:00Z","Moriarty","New Mexico","United States",,"N1095G","348","false","Aviation","DirectorBrief","2025-11-20T05:00:00Z","2025-11-20T18:00:00Z","None","0","0","0","0",,"The glider’s encounter with atmospheric conditions where lift was not sufficient to maintain flight.","Environmental issues - Conditions/weather/phenomena - Temp/humidity/pressure - Thermal lifting - Effect on operation, Aircraft - Aircraft oper/perf/capability - Performance/control parameters - Altitude - Attain/maintain not possible",,"34.981389","-104.02065","GLASFLUGEL","STD LIBELLE 201B","GLI","0E0","MORIARTY MUNI","false","0",,,"PERS","091","Substantial","VMC",,"Completed",,"Final","https://data.ntsb.gov/Docket?ProjectID=201816","https://data.ntsb.gov/carol-repgen/api/Aviation/ReportMain/GenerateNewestReport/201816/pdf"
"CEN26LA006","ACC","201783","2025-10-05T14:10:00Z","McGregor","Minnesota","United States",,"N4218T","28-7225096","false","Aviation","",,,"Serious","0","3","0","3",,,,,"46.618797000000001","-93.309810999999996","PIPER","PA-28-140","AIR","HZX","Isedor Iverson Airport","false","1",,,"PERS","091","Substantial","VMC",,"In work",,"Prelim","","https://data.ntsb.gov/carol-repgen/api/Aviation/ReportMain/GenerateNewestReport/201783/pdf"
"CEN26LA007","ACC","201786","2025-10-05T11:40:00Z","Mount Carroll","Illinois","United States",,"N7354V","R1722304","false","Aviation","DirectorBrief","2025-11-14T05:00:00Z","2025-11-14T18:00:00Z","Serious","0","1","1","2","0","The pilot’s failure to maintain aircraft control during a go around in gusty wind conditions.","Aircraft - Aircraft oper/perf/capability - Performance/control parameters - Directional control - Not attained/maintained, Environmental issues - Conditions/weather/phenomena - Wind - Gusts - Ability to respond/compensate, Personnel issues - Task performance - Use of equip/info - Aircraft control - Pilot",,"42.063462999999999","-89.968025999999995","CESSNA","R172","AIR","LL07","HERB TAUTZ","false","1","REC",,"PERS","091","Substantial","VMC",,"Completed",,"Final","https://data.ntsb.gov/Docket?ProjectID=201786","https://data.ntsb.gov/carol-repgen/api/Aviation/ReportMain/GenerateNewestReport/201786/pdf"
"CEN26LA008","ACC","201788","2025-10-04T22:30:00Z","Huron","Indiana","United States",,"N431M","001","false","Aviation","",,,"Serious","0","1","0","1","0",,,,"38.683225","-86.633487000000002","LANCAIR","320","AIR",,,"true","1",,,"PERS","091","Destroyed","VMC","B & B FLYING LLC","In work",,"Prelim","","https://data.ntsb.gov/carol-repgen/api/Aviation/ReportMain/GenerateNewestReport/201788/pdf"
"ERA26LA002","ACC","201784","2025-10-04T19:00:00Z","Parkland","Florida","United States",,"N368FS","23097C","false","Aviation","",,,"None","0","0","0","0","0",,,,"26.376667000000001","-80.366944000000004","MAULE","M-7-260","AIR",,,"false","1",,,"PERS","091","Substantial","VMC","FREDERICK INVESTMENT CORP","In work",,"Prelim","","https://data.ntsb.gov/carol-repgen/api/Aviation/ReportMain/GenerateNewestReport/201784/pdf"
"WPR26LA048","ACC","202034","2025-10-04T18:34:00Z","McKinnon","Wyoming","United States",,"N96WJ","3397","false","Aviation","",,,"Serious","0","1","1","2",,,,,"41","-110","AVIAT AIRCRAFT INC","A-1C-200","AIR","EVW",,"false","1",,,"PERS","091","Substantial",,"DK AVIATION LLC","In work",,"Prelim","","https://data.ntsb.gov/carol-repgen/api/Aviation/ReportMain/GenerateNewestReport/202034/pdf"
"ERA26LA005","ACC","201810","2025-10-04T17:45:00Z","Reedville","Virginia","United States",,"N289PS","370-72","false","Aviation","",,,"Minor","0","0","1","1",,,,,"37.829839999999997","-76.274742000000003","BELLANCA","7GCBC","AIR","VA99","FEDERHART-OPHELIA","false","1",,,"PERS","091","Substantial","VMC",,"In work",,"Prelim","","https://data.ntsb.gov/carol-repgen/api/Aviation/ReportMain/GenerateNewestReport/201810/pdf"
"GAA26WA004","ACC","201806","2025-10-04T15:40:00Z","Santa Ana del Yacuma","Other Foreign","Bolivia",,"CP-3062, CP-2645","172076032, R172008","false","Aviation","","2026-01-08T05:00:00Z",,"Fatal","2","0","0","2","0",,,,,,"CESSNA, CESSNA","172, R172","AIR, AIR",,,"false, false",,,,,"NUSN, NUSN","Unknown, Unknown",,,"N/A",,"Final","","None"
"WPR26LA015","ACC","201832","2025-10-04T14:45:00Z","Lathrop","California","United States",,"N103VK","172S8532","false","Aviation","",,,"None","0","0","0","0","0",,,,"37.845579999999998","-121.49025","CESSNA","172S","AIR","None","Open field","false","1",,,"INST","091","Substantial","VMC","Skyview Aviation","In work",,"Prelim","","https://data.ntsb.gov/carol-repgen/api/Aviation/ReportMain/GenerateNewestReport/201832/pdf"
"WPR26LA014","ACC","201829","2025-10-04T13:30:00Z","Flanigan","Nevada","United States",,"N80JM","JAESC 0025","false","Aviation","DirectorBrief","2026-01-09T05:00:00Z","2026-01-09T19:00:00Z","None","0","0","0","0",,"The pilot’s improper landing flare, which resulted in a hard landing.","Environmental issues - Physical environment - Terrain - Sloped/uneven terrain - Awareness of condition, Personnel issues - Action/decision - Info processing/decision - Identification/recognition - Pilot, Aircraft - Aircraft oper/perf/capability - Performance/control parameters - Descent/approach/glide path - Incorrect use/operation, Personnel issues - Task performance - Use of equip/info - Aircraft control - Pilot, Environmental issues - Physical environment - Terrain - Sloped/uneven terrain - Contributed to outcome",,"40.339919999999999","-119.89927","MAYE JAMES A","JUST AIRCRAFT ESCAPADE","AIR",,,"true","1","REC",,"PERS","091","Substantial","VMC",,"Completed",,"Final","https://data.ntsb.gov/Docket?ProjectID=201829","https://data.ntsb.gov/carol-repgen/api/Aviation/ReportMain/GenerateNewestReport/201829/pdf"
"ERA26LA009","ACC","201820","2025-10-04T12:39:00Z","Smithfield","Rhode Island","United States",,"N1998X","18256098","false","Aviation","DirectorBrief","2025-12-11T05:00:00Z","2025-12-11T18:00:00Z","None","0","0","0","0","0","Maintenance personnel’s improper rigging of the elevator trim system, which resulted in a hard landing. Contributing was the maintenance personnel and pilot’s failure to perform adequate post maintenance/preflight inspections.","Aircraft - Aircraft systems - Flight control system - Elevator tab control system - Incorrect service/maintenance, Aircraft - Aircraft systems - Flight control system - Elevator tab control system - Inadequate inspection, Personnel issues - Task performance - Inspection - Preflight inspection - Pilot, Personnel issues - Task performance - Inspection - Post maintenance inspection - Maintenance personnel",,"41.921087","-71.489350999999999","CESSNA","182H","AIR","SFZ","NORTH CENTRAL STATE","false","1","REC",,"SKYD","091","Substantial","VMC","Boston Skydive Center","Completed",,"Final","https://data.ntsb.gov/Docket?ProjectID=201820","https://data.ntsb.gov/carol-repgen/api/Aviation/ReportMain/GenerateNewestReport/201820/pdf"
"ERA26LA013","ACC","201845","2025-10-04T11:45:00Z","Venice","Florida","United States",,"N423TA","T18208208","false","Aviation","DirectorBrief","2025-12-11T05:00:00Z","2025-12-11T18:00:00Z","None","0","0","0","0","0","The pilot’s failure to maintain directional control while taxiing in gusty, quartering tailwind conditions.","Aircraft - Aircraft oper/perf/capability - Performance/control parameters - Directional control - Not attained/maintained, Environmental issues - Conditions/weather/phenomena - Wind - Crosswind - Response/compensation, Environmental issues - Conditions/weather/phenomena - Wind - Tailwind - Response/compensation",,"27.071020000000001","-82.438391999999993","CESSNA","T182T","AIR","VNC","VENICE MUNICIPAL AIRPORT","false","1","REC",,"PERS","091","Substantial","VMC",,"Completed",,"Final","https://data.ntsb.gov/Docket?ProjectID=201845","https://data.ntsb.gov/carol-repgen/api/Aviation/ReportMain/GenerateNewestReport/201845/pdf"
"WPR26LA003","ACC","201793","2025-10-04T10:20:00Z","Boulder City","Nevada","United States",,"N90331","1287D","false","Aviation","DirectorBrief","2025-12-04T05:00:00Z","2025-12-04T18:00:00Z","None","0","0","0","0","0","The pilot’s failure to maintain directional control while landing.","Personnel issues - Task performance - Use of equip/info - Aircraft control - Pilot, Aircraft - Aircraft oper/perf/capability - Performance/control parameters - Directional control - Not attained/maintained",,"35.947308","-114.86108","Willey Frank C Jr.","Avid Mark 4","AIR","BVU","Boulder City Municipal","true","1","REC",,"PERS","091","Substantial","VMC",,"Completed",,"Final","https://data.ntsb.gov/Docket?ProjectID=201793","https://data.ntsb.gov/carol-repgen/api/Aviation/ReportMain/GenerateNewestReport/201793/pdf"
"DCA26WA003","INC","201842","2025-10-03T20:13:00Z","Manchester","Other Foreign","United Kingdom",,"9H-QBD",,"false","Aviation","","2025-11-03T05:00:00Z",,,,,,,,,,,,,"BOEING","737","AIR",,,"false",,,"SCHD",,"121","None",,"Malta Air","N/A",,"Final","","None"
"CEN26LA009","ACC","201790","2025-10-03T18:20:00Z","Cottonville","Iowa","United States",,"N4609S","R18201355","false","Aviation","",,,"None","0","0","0","0",,,,,"42.225999999999999","-90.641999999999996","CESSNA","182RG","AIR","DBQ",,"false","1",,,"PERS","091","Substantial","VMC",,"In work",,"Prelim","","https://data.ntsb.gov/carol-repgen/api/Aviation/ReportMain/GenerateNewestReport/201790/pdf"
"GAA26WA003","ACC","201800","2025-10-03T14:30:00Z","Brogans Creek","Other Foreign","Austria",,"VH-RDL",,"false","Aviation","",,,"Fatal","1","1","0","2",,,,,"-33","150","ROBINSON","R22","HELI",,,"false",,,,,"UNK","Destroyed",,,"N/A",,"Prelim","","None"
"ERA26LA016","ACC","201863","2025-10-03T14:10:00Z","Bluffton","Ohio","United States",,"N64203","17265084","false","Aviation","DirectorBrief","2025-12-11T05:00:00Z","2025-12-11T18:00:00Z","None","0","0","0","0","0","The pilot’s improper landing flare, which resulted in a hard, bounced landing.","Personnel issues - Task performance - Use of equip/info - Aircraft control - Pilot, Aircraft - Aircraft oper/perf/capability - Performance/control parameters - Landing flare - Not attained/maintained",,"40.885444","-83.868639000000002","CESSNA","172","AIR","5G7","BLUFFTON","false","1","REC",,"INST","091","Substantial","VMC","Bluffton Flying Service","Completed",,"Final","https://data.ntsb.gov/Docket?ProjectID=201863","https://data.ntsb.gov/carol-repgen/api/Aviation/ReportMain/GenerateNewestReport/201863/pdf"
"GAA26WA002","ACC","201782","2025-10-03T08:00:00Z","Al-Maktoum","Other Foreign","United Arab Emirates",,"A6-CTE","4521","false","Aviation","",,,"None","0","0","0","0",,,,,,,"CIRRUS","SR22","AIR","OMDW","Al Maktoum International","false","1",,,,"NUSN","Substantial",,"Emirates Flight Training Academy","N/A",,"Prelim","","None"
"CEN26LA004","ACC","201778","2025-10-02T18:38:00Z","North La Junta","Colorado","United States",,"N617SP","172S8606","false","Aviation","DirectorBrief","2026-02-13T05:00:00Z","2026-02-12T18:00:00Z","Minor","0","0","1","1","0","The solo student pilot’s improper landing flare and subsequent improper recovery from a bounced landing.","Personnel issues - Task performance - Use of equip/info - Aircraft control - Student/instructed pilot, Personnel issues - Action/decision - Action - Incorrect action performance - Student/instructed pilot, Aircraft - Aircraft oper/perf/capability - Performance/control parameters - Landing flare - Not attained/maintained",,"38.049999999999997","-103.50975","CESSNA","172","AIR","LHX","LA JUNTA MUNI","false","1","REC",,"INST","091","Substantial","VMC","EDB AIR INC","Completed",,"Final","https://data.ntsb.gov/Docket?ProjectID=201778","https://data.ntsb.gov/carol-repgen/api/Aviation/ReportMain/GenerateNewestReport/201778/pdf"
"CEN26LA013","ACC","201824","2025-10-02T18:00:00Z","Chaseley","North Dakota","United States",,"N91042","18-8109067","false","Aviation","DirectorBrief","2026-02-13T05:00:00Z","2026-02-12T18:00:00Z","None","0","0","0","0",,"The pilot’s excessive braking during the landing roll, which resulted in a nose over.","Personnel issues - Task performance - Use of equip/info - Aircraft control - Pilot",,"47.489736999999998","-99.815236999999996","PIPER","PA-18-150","AIR","N/A",,"false","1","REC",,"PERS","091","Substantial","VMC",,"Completed",,"Final","https://data.ntsb.gov/Docket?ProjectID=201824","https://data.ntsb.gov/carol-repgen/api/Aviation/ReportMain/GenerateNewestReport/201824/pdf"
"ERA26LA001","ACC","201776","2025-10-02T12:26:00Z","Talladega","Alabama","United States",,"N812SE","2152","false","Aviation","",,,"Minor","0","0","1","1","0",,,,"33.552556000000003","-86.136832999999996","CIRRUS DESIGN CORP","SR22","AIR",,,"false","1",,,"PERS","091","Substantial","VMC",,"In work",,"Prelim","","https://data.ntsb.gov/carol-repgen/api/Aviation/ReportMain/GenerateNewestReport/201776/pdf"
"WPR26LA006","ACC","201797","2025-10-02T11:50:00Z","Richland","Washington","United States",,"N3172U","038","false","Aviation","",,,"None","0","0","0","0",,,,,"46.305638999999999","-119.30418","SIAI-MARCHETTI","SM 1019","AIR","RLD","RICHLAND","false","1",,,"PERS","091","Substantial","VMC","D & D AIRPARK LLC","In work",,"Prelim","","https://data.ntsb.gov/carol-repgen/api/Aviation/ReportMain/GenerateNewestReport/201797/pdf"
"DCA26FA001","ACC","201766","2025-10-01T22:56:00Z","New York","New York","United States",,"N902XJ, N480PX","15131, 15480","false","Aviation","",,,"Minor","0","0","1","1",,,,,"40.772947000000002","-73.862763000000001","BOMBARDIER INC, BOMBARDIER INC","CL-600-2D24, CL-600-2D24","AIR, AIR","LGA","LAGUARDIA","false, false","2, 2",,"SCHD, SCHD",,"121, 121","Minor, Minor","VMC","Endeavor Air, Endeavor Air","In work",,"Prelim","","https://data.ntsb.gov/carol-repgen/api/Aviation/ReportMain/GenerateNewestReport/201766/pdf"
"CEN26LA003","ACC","201772","2025-10-01T19:15:00Z","Earlham","Iowa","United States",,"N516BW","1007","false","Aviation","DirectorBrief","2026-03-13T04:00:00Z","2026-03-13T17:00:00Z","None","0","0","0","0","0","The flight instructor’s inadequate fuel management which resulted in the total loss of engine power due to fuel exhaustion.","Aircraft - Fluids/misc hardware - Fluids - Fuel - Fluid level, Personnel issues - Task performance - Use of equip/info - Use of equip/system - Instructor/check pilot",,"41.448749999999997","-94.112943999999999","QUARTZ MOUNTAIN AEROSPACE INC","11E","AIR","3Y3","Winterset Municipal","false","1","REC",,"INST","091","Substantial","VMC",,"Completed",,"Final","https://data.ntsb.gov/Docket?ProjectID=201772","https://data.ntsb.gov/carol-repgen/api/Aviation/ReportMain/GenerateNewestReport/201772/pdf"
"CEN26LA002","ACC","201769","2025-10-01T13:45:00Z","Haskell","Oklahoma","United States",,"N621E","7-GC-46","false","Aviation","DirectorBrief","2025-10-30T04:00:00Z","2025-11-04T18:00:00Z","Minor","0","0","1","1","0","The pilot’s excessive braking during the landing roll, which resulted in a nose over. Contributing to the accident was the pilot’s lack of experience with the recently installed brakes and tundra tires.","Personnel issues - Task performance - Use of equip/info - Aircraft control - Pilot, Personnel issues - Action/decision - Action - Incorrect action performance - Pilot, Personnel issues - Experience/knowledge - Experience/qualifications - Total experience w/ equipment - Pilot, Personnel issues - Psychological - Attention/monitoring - Task monitoring/vigilance - Pilot, Aircraft - Aircraft systems - Landing gear system - Brake - Incorrect use/operation, Aircraft - Aircraft systems - Landing gear system - (general) - Incorrect use/operation",,"35.833131999999999","-95.667164999999997","CHAMPION","7GC","AIR","2K9","HASKELL","false","1","REC",,"PERS","091","Substantial","VMC",,"Completed",,"Final","https://data.ntsb.gov/Docket?ProjectID=201769","https://data.ntsb.gov/carol-repgen/api/Aviation/ReportMain/GenerateNewestReport/201769/pdf"
"GAA26WA001","INC","201767","2025-10-01T12:00:00Z","Durup",,"Denmark",,"OY-JEP","F17201705","false","Aviation","","2025-11-04T05:00:00Z",,"None","0","0","0","0","0",,,,"56.754167000000002","8.4897220000000004","CESSNA","F172","AIR",,,"false","1","REC",,"PERS","NUSN","None",,,"N/A",,"Final","","None"
"CEN26LA011","ACC","201803","2025-10-01T11:30:00Z","Portage","Wisconsin","United States",,"N78RC","1259","false","Aviation","DirectorBrief","2025-10-30T04:00:00Z","2025-11-04T18:00:00Z","None","0","0","0","0","0","The student pilot’s failure to maintain proper airspeed and attitude for a short field landing. Contributing to the accident was the flight instructor’s delayed remedial action.","Personnel issues - Action/decision - Action - Delayed action - Instructor/check pilot, Aircraft - Aircraft oper/perf/capability - Performance/control parameters - Descent/approach/glide path - Not attained/maintained, Aircraft - Aircraft oper/perf/capability - Performance/control parameters - Airspeed - Not attained/maintained, Aircraft - Aircraft oper/perf/capability - Performance/control parameters - Pitch control - Not attained/maintained",,"43.560262000000002","-89.482911000000001","CIRRUS DESIGN CORP","SR20","AIR","C47","PORTAGE MUNI","false","1","REC",,"INST","091","Substantial","VMC","Wisconsin Aviation - Four Lakes Inc.","Completed",,"Final","https://data.ntsb.gov/Docket?ProjectID=201803","https://data.ntsb.gov/carol-repgen/api/Aviation/ReportMain/GenerateNewestReport/201803/pdf"
"WPR26LA002","INC","201773","2025-10-01T10:58:00Z","Tolleson","Arizona","United States",,"N791PA","178650101M","false","Aviation","",,,"None","0","0","0","0",,,,,"33.459128","-112.26976000000001","AMAZON.COM SERVICES LLC","MK30","HELI",,,"false","6",,"NSCH","OWRK","135","Substantial","VMC","AMAZON.COM SERVICES LLC","In work",,"Prelim","","https://data.ntsb.gov/carol-repgen/api/Aviation/ReportMain/GenerateNewestReport/201773/pdf"
"WPR26LA001","INC","201774","2025-10-01T10:49:00Z","Tolleson","Arizona","United States",,"N579PA","178650101K","false","Aviation","",,,,"0","0","0","0",,,,,"33.459128","-112.26976000000001","AMAZON.COM SERVICES LLC","MK30","HELI",,,"false","6",,"NSCH","OWRK","135","Substantial","VMC","AMAZON.COM SERVICES LLC","In work",,"Prelim","","https://data.ntsb.gov/carol-repgen/api/Aviation/ReportMain/GenerateNewestReport/201774/pdf"
"CEN26LA001","ACC","201763","2025-10-01T05:12:00Z","Colorado Springs","Colorado","United States",,"N999AD","28R-7235117","false","Aviation","",,,"Minor","0","0","1","1","0",,,,"38.899197999999998","-104.72009","PIPER","PA-28R-200","AIR","KCOS","City of Colorado Springs Municipal Airport","false","1",,,"PERS","091","Substantial","VMC","Arapahoe Flight Club","In work",,"Prelim","","https://data.ntsb.gov/carol-repgen/api/Aviation/ReportMain/GenerateNewestReport/201763/pdf"

